id_historico_op_ob,data_hora_historico_op,historico_situacao_op,descricao_historico_situacao_op,id_op_ob,id_dh,id_empenho,id_plano_acao,uf_beneficiario_plano_acao
1,2020-06-25T18:02:44.936444,1,Aguardando Envio para o SIAFI,1,22780.0,,,
2,2020-06-25T18:10:00.046529,3,Aguardando assinaturas do ordenador de despesas e/ou gestor financeiro,1,22780.0,,,
3,2020-06-26T10:32:29.507567,1,Aguardando Envio para o SIAFI,2,,,,
4,2020-06-26T10:32:29.507567,1,Aguardando Envio para o SIAFI,3,,,,
5,2020-06-26T10:32:29.507567,1,Aguardando Envio para o SIAFI,4,,,,
6,2020-06-26T10:32:29.507567,1,Aguardando Envio para o SIAFI,5,,,,
7,2020-06-26T10:32:29.507567,1,Aguardando Envio para o SIAFI,6,21467.0,4251.0,,
8,2020-06-26T10:32:29.507567,1,Aguardando Envio para o SIAFI,7,21468.0,3958.0,,
9,2020-06-26T10:32:29.507567,1,Aguardando Envio para o SIAFI,8,,,,
10,2020-06-26T10:32:29.507567,1,Aguardando Envio para o SIAFI,9,,,,
11,2020-06-26T10:32:29.507567,1,Aguardando Envio para o SIAFI,10,21156.0,3554.0,,
12,2020-06-26T10:32:29.507567,1,Aguardando Envio para o SIAFI,11,21459.0,4576.0,,
13,2020-06-26T10:32:29.507567,1,Aguardando Envio para o SIAFI,12,,,,
14,2020-06-26T10:32:29.507567,1,Aguardando Envio para o SIAFI,13,,,,
15,2020-06-26T10:32:29.507567,1,Aguardando Envio para o SIAFI,14,21493.0,4419.0,,
16,2020-06-26T10:32:29.507567,1,Aguardando Envio para o SIAFI,15,,,,
17,2020-06-26T10:32:29.507567,1,Aguardando Envio para o SIAFI,16,,,,
18,2020-06-26T10:32:29.507567,1,Aguardando Envio para o SIAFI,17,,,,
19,2020-06-26T10:32:29.507567,1,Aguardando Envio para o SIAFI,18,21492.0,4310.0,,
20,2020-06-26T10:32:29.507567,1,Aguardando Envio para o SIAFI,19,21494.0,3650.0,,
21,2020-06-26T10:32:29.507567,1,Aguardando Envio para o SIAFI,20,,,,
22,2020-06-26T10:32:29.507567,1,Aguardando Envio para o SIAFI,21,,,,
23,2020-06-26T10:32:29.507567,1,Aguardando Envio para o SIAFI,22,21547.0,4003.0,,
24,2020-06-26T10:32:29.507567,1,Aguardando Envio para o SIAFI,23,21497.0,4073.0,,
25,2020-06-26T10:32:29.507567,1,Aguardando Envio para o SIAFI,24,21505.0,4587.0,,
26,2020-06-26T10:32:29.507567,1,Aguardando Envio para o SIAFI,25,,,,
27,2020-06-26T10:32:29.507567,1,Aguardando Envio para o SIAFI,26,,,,
28,2020-06-26T10:32:29.507567,1,Aguardando Envio para o SIAFI,27,21548.0,3493.0,,
29,2020-06-26T10:32:29.507567,1,Aguardando Envio para o SIAFI,28,,,,
30,2020-06-26T10:32:29.507567,1,Aguardando Envio para o SIAFI,29,,,,
31,2020-06-26T10:32:29.507567,1,Aguardando Envio para o SIAFI,30,,,,
32,2020-06-26T10:32:29.507567,1,Aguardando Envio para o SIAFI,31,21575.0,3473.0,,
33,2020-06-26T10:32:29.507567,1,Aguardando Envio para o SIAFI,32,21525.0,3778.0,,
34,2020-06-26T10:32:29.507567,1,Aguardando Envio para o SIAFI,33,,,,
35,2020-06-26T10:32:29.507567,1,Aguardando Envio para o SIAFI,34,,,,
36,2020-06-26T10:32:29.507567,1,Aguardando Envio para o SIAFI,35,21543.0,4526.0,,
37,2020-06-26T10:32:29.507567,1,Aguardando Envio para o SIAFI,36,21708.0,3801.0,,
38,2020-06-26T10:32:29.507567,1,Aguardando Envio para o SIAFI,37,21808.0,4346.0,,
39,2020-06-26T10:32:29.507567,1,Aguardando Envio para o SIAFI,38,21753.0,4072.0,,
40,2020-06-26T10:32:29.507567,1,Aguardando Envio para o SIAFI,39,21595.0,4692.0,,
41,2020-06-26T10:32:29.507567,1,Aguardando Envio para o SIAFI,40,21749.0,3684.0,,
42,2020-06-26T10:32:29.507567,1,Aguardando Envio para o SIAFI,41,21091.0,4240.0,,
43,2020-06-26T10:32:29.507567,1,Aguardando Envio para o SIAFI,42,21794.0,3923.0,,
44,2020-06-26T10:32:29.507567,1,Aguardando Envio para o SIAFI,43,21130.0,3875.0,,
45,2020-06-26T10:32:29.507567,1,Aguardando Envio para o SIAFI,44,21621.0,4860.0,,
46,2020-06-26T10:32:29.507567,1,Aguardando Envio para o SIAFI,45,21587.0,3735.0,,
47,2020-06-26T10:32:29.507567,1,Aguardando Envio para o SIAFI,46,21831.0,3534.0,,
48,2020-06-26T10:32:29.507567,1,Aguardando Envio para o SIAFI,47,21760.0,4681.0,,
49,2020-06-26T10:32:29.507567,1,Aguardando Envio para o SIAFI,48,21751.0,4039.0,,
50,2020-06-26T10:32:29.507567,1,Aguardando Envio para o SIAFI,49,21126.0,4510.0,,
51,2020-06-26T10:32:29.507567,1,Aguardando Envio para o SIAFI,50,21779.0,4165.0,,
52,2020-06-26T10:32:29.507567,1,Aguardando Envio para o SIAFI,51,21750.0,3733.0,,
53,2020-06-26T10:32:29.507567,1,Aguardando Envio para o SIAFI,52,21756.0,3872.0,,
54,2020-06-26T10:32:29.507567,1,Aguardando Envio para o SIAFI,53,21818.0,3927.0,,
55,2020-06-26T10:32:29.507567,1,Aguardando Envio para o SIAFI,54,21618.0,4294.0,,
56,2020-06-26T10:32:29.507567,1,Aguardando Envio para o SIAFI,55,21752.0,4453.0,,
57,2020-06-26T10:32:29.507567,1,Aguardando Envio para o SIAFI,56,21164.0,3510.0,,
58,2020-06-26T10:32:29.507567,1,Aguardando Envio para o SIAFI,57,21739.0,3784.0,,
59,2020-06-26T10:32:29.507567,1,Aguardando Envio para o SIAFI,58,22020.0,3663.0,,
60,2020-06-26T10:32:29.507567,1,Aguardando Envio para o SIAFI,59,21684.0,3835.0,,
61,2020-06-26T10:32:29.507567,1,Aguardando Envio para o SIAFI,60,21763.0,4050.0,,
62,2020-06-26T10:32:29.507567,1,Aguardando Envio para o SIAFI,61,21170.0,3833.0,,
63,2020-06-26T10:32:29.507567,1,Aguardando Envio para o SIAFI,62,21190.0,4683.0,,
64,2020-06-26T10:32:29.507567,1,Aguardando Envio para o SIAFI,63,21183.0,4535.0,,
65,2020-06-26T10:32:29.507567,1,Aguardando Envio para o SIAFI,64,21643.0,4699.0,,
66,2020-06-26T10:32:29.507567,1,Aguardando Envio para o SIAFI,65,21188.0,4275.0,,
67,2020-06-26T10:32:29.507567,1,Aguardando Envio para o SIAFI,66,21131.0,4333.0,,
68,2020-06-26T10:32:29.507567,1,Aguardando Envio para o SIAFI,67,21736.0,4208.0,,
69,2020-06-26T10:32:29.507567,1,Aguardando Envio para o SIAFI,68,21184.0,4845.0,,
70,2020-06-26T10:32:29.507567,1,Aguardando Envio para o SIAFI,69,21738.0,4905.0,,
71,2020-06-26T10:32:29.507567,1,Aguardando Envio para o SIAFI,70,21644.0,3907.0,,
72,2020-06-26T10:32:29.507567,1,Aguardando Envio para o SIAFI,71,21613.0,4593.0,,
73,2020-06-26T10:32:29.507567,1,Aguardando Envio para o SIAFI,72,21783.0,3763.0,,
74,2020-06-26T10:32:29.507567,1,Aguardando Envio para o SIAFI,73,21694.0,3737.0,,
75,2020-06-26T10:32:29.507567,1,Aguardando Envio para o SIAFI,74,22019.0,4919.0,,
76,2020-06-26T10:32:29.507567,1,Aguardando Envio para o SIAFI,75,21642.0,4923.0,,
77,2020-06-26T10:32:29.507567,1,Aguardando Envio para o SIAFI,76,21683.0,5148.0,,
78,2020-06-26T10:32:29.507567,1,Aguardando Envio para o SIAFI,77,21133.0,3472.0,,
79,2020-06-26T10:32:29.507567,1,Aguardando Envio para o SIAFI,78,21636.0,3976.0,,
80,2020-06-26T10:32:29.507567,1,Aguardando Envio para o SIAFI,79,21764.0,3959.0,,
81,2020-06-26T10:32:29.507567,1,Aguardando Envio para o SIAFI,80,21608.0,4888.0,,
82,2020-06-26T10:32:29.507567,1,Aguardando Envio para o SIAFI,81,,,,
83,2020-06-26T10:32:29.507567,1,Aguardando Envio para o SIAFI,82,21759.0,3466.0,,
84,2020-06-26T10:32:29.507567,1,Aguardando Envio para o SIAFI,83,21668.0,4332.0,,
85,2020-06-26T10:32:29.507567,1,Aguardando Envio para o SIAFI,84,21128.0,4044.0,,
86,2020-06-26T10:32:29.507567,1,Aguardando Envio para o SIAFI,85,21677.0,5151.0,,
87,2020-06-26T10:32:29.507567,1,Aguardando Envio para o SIAFI,86,,,,
88,2020-06-26T10:32:29.507567,1,Aguardando Envio para o SIAFI,87,21606.0,3496.0,,
89,2020-06-26T10:32:29.507567,1,Aguardando Envio para o SIAFI,88,21671.0,4119.0,,
90,2020-06-26T10:32:29.507567,1,Aguardando Envio para o SIAFI,89,21757.0,3767.0,,
91,2020-06-26T10:32:29.507567,1,Aguardando Envio para o SIAFI,90,21667.0,4764.0,,
92,2020-06-26T10:32:29.507567,1,Aguardando Envio para o SIAFI,91,21655.0,3829.0,,
93,2020-06-26T10:32:29.507567,1,Aguardando Envio para o SIAFI,92,,,,
94,2020-06-26T10:32:29.507567,1,Aguardando Envio para o SIAFI,93,21670.0,4063.0,,
95,2020-06-26T10:32:29.507567,1,Aguardando Envio para o SIAFI,94,21761.0,4266.0,,
96,2020-06-26T10:32:29.507567,1,Aguardando Envio para o SIAFI,95,21607.0,3804.0,,
97,2020-06-26T10:32:29.507567,1,Aguardando Envio para o SIAFI,96,21645.0,4662.0,,
98,2020-06-26T10:32:29.507567,1,Aguardando Envio para o SIAFI,97,,,,
99,2020-06-26T10:32:29.507567,1,Aguardando Envio para o SIAFI,98,21833.0,4488.0,,
100,2020-06-26T10:32:29.507567,1,Aguardando Envio para o SIAFI,99,,,,
101,2020-06-26T10:32:29.507567,1,Aguardando Envio para o SIAFI,100,,,,
102,2020-06-26T10:32:29.507567,1,Aguardando Envio para o SIAFI,101,21609.0,3805.0,,
103,2020-06-26T10:32:29.507567,1,Aguardando Envio para o SIAFI,102,21623.0,4900.0,,
104,2020-06-26T10:32:29.507567,1,Aguardando Envio para o SIAFI,103,21638.0,4188.0,,
105,2020-06-26T10:32:29.507567,1,Aguardando Envio para o SIAFI,104,21593.0,3911.0,,
106,2020-06-26T10:32:29.507567,1,Aguardando Envio para o SIAFI,105,21723.0,4327.0,,
107,2020-06-26T10:32:29.507567,1,Aguardando Envio para o SIAFI,106,21731.0,4886.0,,
108,2020-06-26T10:32:29.507567,1,Aguardando Envio para o SIAFI,107,21700.0,3736.0,,
109,2020-06-26T10:32:29.507567,1,Aguardando Envio para o SIAFI,108,21787.0,3686.0,,
110,2020-06-26T10:32:29.507567,1,Aguardando Envio para o SIAFI,109,21641.0,3588.0,,
111,2020-06-26T10:32:29.507567,1,Aguardando Envio para o SIAFI,110,21906.0,4459.0,,
112,2020-06-26T10:32:29.507567,1,Aguardando Envio para o SIAFI,111,21903.0,3630.0,,
113,2020-06-26T10:32:29.507567,1,Aguardando Envio para o SIAFI,112,,,,
114,2020-06-26T10:32:29.507567,1,Aguardando Envio para o SIAFI,113,21990.0,4081.0,,
115,2020-06-26T10:32:29.507567,1,Aguardando Envio para o SIAFI,114,21977.0,3611.0,,
116,2020-06-26T10:32:29.507567,1,Aguardando Envio para o SIAFI,115,,,,
117,2020-06-26T10:32:29.507567,1,Aguardando Envio para o SIAFI,116,21979.0,3557.0,,
118,2020-06-26T10:32:29.507567,1,Aguardando Envio para o SIAFI,117,,,,
119,2020-06-26T10:32:29.507567,1,Aguardando Envio para o SIAFI,118,,,,
120,2020-06-26T10:32:29.507567,1,Aguardando Envio para o SIAFI,119,,,,
121,2020-06-26T10:32:29.507567,1,Aguardando Envio para o SIAFI,120,,,,
122,2020-06-26T10:32:29.507567,1,Aguardando Envio para o SIAFI,121,,,,
123,2020-06-26T10:32:29.507567,1,Aguardando Envio para o SIAFI,122,,,,
124,2020-06-26T10:32:29.507567,1,Aguardando Envio para o SIAFI,123,,,,
125,2020-06-26T10:32:29.507567,1,Aguardando Envio para o SIAFI,124,,,,
126,2020-06-26T10:32:29.507567,1,Aguardando Envio para o SIAFI,125,,,,
127,2020-06-26T10:32:29.507567,1,Aguardando Envio para o SIAFI,126,,,,
128,2020-06-26T10:32:29.507567,1,Aguardando Envio para o SIAFI,127,,,,
129,2020-06-26T10:32:29.507567,1,Aguardando Envio para o SIAFI,128,,,,
130,2020-06-26T10:32:29.507567,1,Aguardando Envio para o SIAFI,129,,,,
131,2020-06-26T10:32:29.507567,1,Aguardando Envio para o SIAFI,130,,,,
132,2020-06-26T10:32:29.507567,1,Aguardando Envio para o SIAFI,131,,,,
133,2020-06-26T10:32:29.507567,1,Aguardando Envio para o SIAFI,132,,,,
134,2020-06-26T10:32:29.507567,1,Aguardando Envio para o SIAFI,133,,,,
135,2020-06-26T10:32:29.507567,1,Aguardando Envio para o SIAFI,134,,,,
136,2020-06-26T10:32:29.507567,1,Aguardando Envio para o SIAFI,135,,,,
137,2020-06-26T10:32:29.507567,1,Aguardando Envio para o SIAFI,136,,,,
138,2020-06-26T10:32:29.507567,1,Aguardando Envio para o SIAFI,137,,,,
139,2020-06-26T10:32:29.507567,1,Aguardando Envio para o SIAFI,138,,,,
140,2020-06-26T10:32:29.507567,1,Aguardando Envio para o SIAFI,139,21173.0,4877.0,,
141,2020-06-26T10:32:29.507567,1,Aguardando Envio para o SIAFI,140,,,,
142,2020-06-26T10:32:29.507567,1,Aguardando Envio para o SIAFI,141,,,,
143,2020-06-26T10:32:29.507567,1,Aguardando Envio para o SIAFI,142,,,,
144,2020-06-26T10:32:29.507567,1,Aguardando Envio para o SIAFI,143,,,,
145,2020-06-26T10:32:29.507567,1,Aguardando Envio para o SIAFI,144,,,,
146,2020-06-26T10:32:29.507567,1,Aguardando Envio para o SIAFI,145,22080.0,4639.0,,
147,2020-06-26T10:32:29.507567,1,Aguardando Envio para o SIAFI,146,,,,
148,2020-06-26T10:32:29.507567,1,Aguardando Envio para o SIAFI,147,22115.0,,,
149,2020-06-26T10:32:29.507567,1,Aguardando Envio para o SIAFI,148,,,,
150,2020-06-26T10:32:29.507567,1,Aguardando Envio para o SIAFI,149,,,,
151,2020-06-26T10:32:29.507567,1,Aguardando Envio para o SIAFI,150,,,,
152,2020-06-26T10:32:29.507567,1,Aguardando Envio para o SIAFI,151,22091.0,,,
153,2020-06-26T10:32:29.507567,1,Aguardando Envio para o SIAFI,152,,,,
154,2020-06-26T10:32:29.507567,1,Aguardando Envio para o SIAFI,153,,,,
155,2020-06-26T10:32:29.507567,1,Aguardando Envio para o SIAFI,154,,,,
156,2020-06-26T10:32:29.507567,1,Aguardando Envio para o SIAFI,155,21254.0,4171.0,,
157,2020-06-26T10:32:29.507567,1,Aguardando Envio para o SIAFI,156,,,,
158,2020-06-26T10:32:29.507567,1,Aguardando Envio para o SIAFI,157,,,,
159,2020-06-26T10:32:29.507567,1,Aguardando Envio para o SIAFI,158,21252.0,4340.0,,
160,2020-06-26T10:32:29.507567,1,Aguardando Envio para o SIAFI,159,21232.0,3914.0,,
161,2020-06-26T10:32:29.507567,1,Aguardando Envio para o SIAFI,160,21228.0,4516.0,,
162,2020-06-26T10:32:29.507567,1,Aguardando Envio para o SIAFI,161,21222.0,3674.0,,
163,2020-06-26T10:32:29.507567,1,Aguardando Envio para o SIAFI,162,21221.0,4197.0,,
164,2020-06-26T10:32:29.507567,1,Aguardando Envio para o SIAFI,163,21227.0,3879.0,,
165,2020-06-26T10:32:29.507567,1,Aguardando Envio para o SIAFI,164,21236.0,4665.0,,
166,2020-06-26T10:32:29.507567,1,Aguardando Envio para o SIAFI,165,21812.0,4421.0,,
167,2020-06-26T10:32:29.507567,1,Aguardando Envio para o SIAFI,166,21225.0,4129.0,,
168,2020-06-26T10:32:29.507567,1,Aguardando Envio para o SIAFI,167,,,,
169,2020-06-26T10:32:29.507567,1,Aguardando Envio para o SIAFI,168,,,,
170,2020-06-26T10:32:29.507567,1,Aguardando Envio para o SIAFI,169,,,,
171,2020-06-26T10:32:29.507567,1,Aguardando Envio para o SIAFI,170,,,,
172,2020-06-26T10:32:29.507567,1,Aguardando Envio para o SIAFI,171,,,,
173,2020-06-26T10:32:29.507567,1,Aguardando Envio para o SIAFI,172,,,,
174,2020-06-26T10:32:29.507567,1,Aguardando Envio para o SIAFI,173,22036.0,4023.0,,
175,2020-06-26T10:32:29.507567,1,Aguardando Envio para o SIAFI,174,,,,
176,2020-06-26T10:32:29.507567,1,Aguardando Envio para o SIAFI,175,21186.0,3894.0,,
177,2020-06-26T10:32:29.507567,1,Aguardando Envio para o SIAFI,176,,,,
178,2020-06-26T10:32:29.507567,1,Aguardando Envio para o SIAFI,177,,,,
179,2020-06-26T10:32:29.507567,1,Aguardando Envio para o SIAFI,178,,,,
180,2020-06-26T10:32:29.507567,1,Aguardando Envio para o SIAFI,179,,,,
181,2020-06-26T10:32:29.507567,1,Aguardando Envio para o SIAFI,180,,,,
182,2020-06-26T10:32:29.507567,1,Aguardando Envio para o SIAFI,181,,,,
183,2020-06-26T10:32:29.507567,1,Aguardando Envio para o SIAFI,182,,,,
184,2020-06-26T10:32:29.507567,1,Aguardando Envio para o SIAFI,183,,,,
185,2020-06-26T10:32:29.507567,1,Aguardando Envio para o SIAFI,184,,,,
186,2020-06-26T10:32:29.507567,1,Aguardando Envio para o SIAFI,185,,,,
187,2020-06-26T10:32:29.507567,1,Aguardando Envio para o SIAFI,186,,,,
188,2020-06-26T10:32:29.507567,1,Aguardando Envio para o SIAFI,187,21161.0,4630.0,,
189,2020-06-26T10:32:29.507567,1,Aguardando Envio para o SIAFI,188,,,,
190,2020-06-26T10:32:29.507567,1,Aguardando Envio para o SIAFI,189,,,,
191,2020-06-26T10:32:29.507567,1,Aguardando Envio para o SIAFI,190,,,,
192,2020-06-26T10:32:29.507567,1,Aguardando Envio para o SIAFI,191,,,,
193,2020-06-26T10:32:29.507567,1,Aguardando Envio para o SIAFI,192,,,,
194,2020-06-26T10:32:29.507567,1,Aguardando Envio para o SIAFI,193,,,,
195,2020-06-26T10:32:29.507567,1,Aguardando Envio para o SIAFI,194,,,,
196,2020-06-26T10:32:29.507567,1,Aguardando Envio para o SIAFI,195,,,,
197,2020-06-26T10:32:29.507567,1,Aguardando Envio para o SIAFI,196,,,,
198,2020-06-26T10:32:29.507567,1,Aguardando Envio para o SIAFI,197,,,,
199,2020-06-26T10:32:29.507567,1,Aguardando Envio para o SIAFI,198,,,,
200,2020-06-26T10:32:29.507567,1,Aguardando Envio para o SIAFI,199,21915.0,4287.0,,
201,2020-06-26T10:32:29.507567,1,Aguardando Envio para o SIAFI,200,,,,
202,2020-06-26T10:32:29.507567,1,Aguardando Envio para o SIAFI,201,21918.0,4177.0,,
203,2020-06-26T10:32:29.507567,1,Aguardando Envio para o SIAFI,202,21999.0,3912.0,,
204,2020-06-26T10:32:29.507567,1,Aguardando Envio para o SIAFI,203,21921.0,4169.0,,
205,2020-06-26T10:32:29.507567,1,Aguardando Envio para o SIAFI,204,21954.0,3646.0,,
206,2020-06-26T10:32:29.507567,1,Aguardando Envio para o SIAFI,205,21924.0,3640.0,,
207,2020-06-26T10:32:29.507567,1,Aguardando Envio para o SIAFI,206,22009.0,4009.0,,
208,2020-06-26T10:32:29.507567,1,Aguardando Envio para o SIAFI,207,21917.0,4644.0,,
209,2020-06-26T10:32:29.507567,1,Aguardando Envio para o SIAFI,208,21899.0,4627.0,,
210,2020-06-26T10:32:29.507567,1,Aguardando Envio para o SIAFI,209,21982.0,3936.0,,
211,2020-06-26T10:32:29.507567,1,Aguardando Envio para o SIAFI,210,21983.0,4885.0,,
212,2020-06-26T10:32:29.507567,1,Aguardando Envio para o SIAFI,211,21916.0,4311.0,,
213,2020-06-26T10:32:29.507567,1,Aguardando Envio para o SIAFI,212,21923.0,4191.0,,
214,2020-06-26T10:32:29.507567,1,Aguardando Envio para o SIAFI,213,21116.0,3973.0,,
215,2020-06-26T10:32:29.507567,1,Aguardando Envio para o SIAFI,214,21890.0,4100.0,,
216,2020-06-26T10:32:29.507567,1,Aguardando Envio para o SIAFI,215,21926.0,3598.0,,
217,2020-06-26T10:32:29.507567,1,Aguardando Envio para o SIAFI,216,21934.0,4183.0,,
218,2020-06-26T10:32:29.507567,1,Aguardando Envio para o SIAFI,217,21889.0,4581.0,,
219,2020-06-26T10:32:29.507567,1,Aguardando Envio para o SIAFI,218,21996.0,3950.0,,
220,2020-06-26T10:32:29.507567,1,Aguardando Envio para o SIAFI,219,21997.0,3732.0,,
221,2020-06-26T10:32:29.507567,1,Aguardando Envio para o SIAFI,220,21952.0,4102.0,,
222,2020-06-26T10:32:29.507567,1,Aguardando Envio para o SIAFI,221,21948.0,3449.0,,
223,2020-06-26T10:32:29.507567,1,Aguardando Envio para o SIAFI,222,,,,
224,2020-06-26T10:32:29.507567,1,Aguardando Envio para o SIAFI,223,21949.0,3468.0,,
225,2020-06-26T10:32:29.507567,1,Aguardando Envio para o SIAFI,224,21980.0,4391.0,,
226,2020-06-26T10:32:29.507567,1,Aguardando Envio para o SIAFI,225,21905.0,4012.0,,
227,2020-06-26T10:32:29.507567,1,Aguardando Envio para o SIAFI,226,21985.0,3465.0,,
228,2020-06-26T10:32:29.507567,1,Aguardando Envio para o SIAFI,227,22008.0,4606.0,,
229,2020-06-26T10:32:29.507567,1,Aguardando Envio para o SIAFI,228,21981.0,4038.0,,
230,2020-06-26T10:32:29.507567,1,Aguardando Envio para o SIAFI,229,21093.0,4290.0,,
231,2020-06-26T10:32:29.507567,1,Aguardando Envio para o SIAFI,230,21092.0,4928.0,,
232,2020-06-26T10:32:29.507567,1,Aguardando Envio para o SIAFI,231,21858.0,5082.0,,
233,2020-06-26T10:32:29.507567,1,Aguardando Envio para o SIAFI,232,,,,
234,2020-06-26T10:32:29.507567,1,Aguardando Envio para o SIAFI,233,21217.0,4305.0,,
235,2020-06-26T10:32:29.507567,1,Aguardando Envio para o SIAFI,234,21835.0,4874.0,,
236,2020-06-26T10:32:29.507567,1,Aguardando Envio para o SIAFI,235,21197.0,4082.0,,
237,2020-06-26T10:32:29.507567,1,Aguardando Envio para o SIAFI,236,21853.0,4554.0,,
238,2020-06-26T10:32:29.507567,1,Aguardando Envio para o SIAFI,237,21172.0,3811.0,,
239,2020-06-26T10:32:29.507567,1,Aguardando Envio para o SIAFI,238,21206.0,4415.0,,
240,2020-06-26T10:32:29.507567,1,Aguardando Envio para o SIAFI,239,21208.0,4451.0,,
241,2020-06-26T10:32:29.507567,1,Aguardando Envio para o SIAFI,240,21825.0,4210.0,,
242,2020-06-26T10:32:29.507567,1,Aguardando Envio para o SIAFI,241,21856.0,4163.0,,
243,2020-06-26T10:32:29.507567,1,Aguardando Envio para o SIAFI,242,21196.0,4619.0,,
244,2020-06-26T10:32:29.507567,1,Aguardando Envio para o SIAFI,243,21823.0,4520.0,,
245,2020-06-26T10:32:29.507567,1,Aguardando Envio para o SIAFI,244,21094.0,4613.0,,
246,2020-06-26T10:32:29.507567,1,Aguardando Envio para o SIAFI,245,21834.0,4242.0,,
247,2020-06-26T10:32:29.507567,1,Aguardando Envio para o SIAFI,246,21207.0,4319.0,,
248,2020-06-26T10:32:29.507567,1,Aguardando Envio para o SIAFI,247,21821.0,4924.0,,
249,2020-06-26T10:32:29.507567,1,Aguardando Envio para o SIAFI,248,21820.0,5000.0,,
250,2020-06-26T10:32:29.507567,1,Aguardando Envio para o SIAFI,249,21180.0,5045.0,,
251,2020-06-26T10:32:29.507567,1,Aguardando Envio para o SIAFI,250,21855.0,5011.0,,
252,2020-06-26T10:32:29.507567,1,Aguardando Envio para o SIAFI,251,21827.0,4891.0,,
253,2020-06-26T10:32:29.507567,1,Aguardando Envio para o SIAFI,252,21238.0,3887.0,,
254,2020-06-26T10:32:29.507567,1,Aguardando Envio para o SIAFI,253,21940.0,4085.0,,
255,2020-06-26T10:32:29.507567,1,Aguardando Envio para o SIAFI,254,,,,
256,2020-06-26T10:32:29.507567,1,Aguardando Envio para o SIAFI,255,21892.0,3729.0,,
257,2020-06-26T10:32:29.507567,1,Aguardando Envio para o SIAFI,256,21978.0,3838.0,,
258,2020-06-26T10:32:29.507567,1,Aguardando Envio para o SIAFI,257,21920.0,4302.0,,
259,2020-06-26T10:32:29.507567,1,Aguardando Envio para o SIAFI,258,21986.0,4413.0,,
260,2020-06-26T10:32:29.507567,1,Aguardando Envio para o SIAFI,259,21936.0,3890.0,,
261,2020-06-26T10:32:29.507567,1,Aguardando Envio para o SIAFI,260,21963.0,4729.0,,
262,2020-06-26T10:32:29.507567,1,Aguardando Envio para o SIAFI,261,,,,
263,2020-06-26T10:32:29.507567,1,Aguardando Envio para o SIAFI,262,21883.0,4461.0,,
264,2020-06-26T10:32:29.507567,1,Aguardando Envio para o SIAFI,263,21894.0,4724.0,,
265,2020-06-26T10:32:29.507567,1,Aguardando Envio para o SIAFI,264,21898.0,3632.0,,
266,2020-06-26T10:32:29.507567,1,Aguardando Envio para o SIAFI,265,21910.0,4182.0,,
267,2020-06-26T10:32:29.507567,1,Aguardando Envio para o SIAFI,266,21879.0,4572.0,,
268,2020-06-26T10:32:29.507567,1,Aguardando Envio para o SIAFI,267,22023.0,3575.0,,
269,2020-06-26T10:32:29.507567,1,Aguardando Envio para o SIAFI,268,21900.0,4584.0,,
270,2020-06-26T10:32:29.507567,1,Aguardando Envio para o SIAFI,269,21993.0,4118.0,,
271,2020-06-26T10:32:29.507567,1,Aguardando Envio para o SIAFI,270,21243.0,3963.0,,
272,2020-06-26T10:32:29.507567,1,Aguardando Envio para o SIAFI,271,21242.0,5033.0,,
273,2020-06-26T10:32:29.507567,1,Aguardando Envio para o SIAFI,272,21231.0,4096.0,,
274,2020-06-26T10:32:29.507567,1,Aguardando Envio para o SIAFI,273,21233.0,4048.0,,
275,2020-06-26T10:32:29.507567,1,Aguardando Envio para o SIAFI,274,21239.0,4225.0,,
276,2020-06-26T10:32:29.507567,1,Aguardando Envio para o SIAFI,275,21224.0,3501.0,,
277,2020-06-26T10:32:29.507567,1,Aguardando Envio para o SIAFI,276,21192.0,4474.0,,
278,2020-06-26T10:32:29.507567,1,Aguardando Envio para o SIAFI,277,21861.0,3614.0,,
279,2020-06-26T10:32:29.507567,1,Aguardando Envio para o SIAFI,278,21234.0,4862.0,,
280,2020-06-26T10:32:29.507567,1,Aguardando Envio para o SIAFI,279,21815.0,3725.0,,
281,2020-06-26T10:32:29.507567,1,Aguardando Envio para o SIAFI,280,21229.0,4705.0,,
282,2020-06-26T10:32:29.507567,1,Aguardando Envio para o SIAFI,281,21235.0,3564.0,,
283,2020-06-26T10:32:29.507567,1,Aguardando Envio para o SIAFI,282,21230.0,4392.0,,
284,2020-06-26T10:32:29.507567,1,Aguardando Envio para o SIAFI,283,21226.0,3880.0,,
285,2020-06-26T10:32:29.507567,1,Aguardando Envio para o SIAFI,284,21814.0,4347.0,,
286,2020-06-26T10:32:29.507567,1,Aguardando Envio para o SIAFI,285,21255.0,4341.0,,
287,2020-06-26T10:32:29.507567,1,Aguardando Envio para o SIAFI,286,21862.0,4730.0,,
288,2020-06-26T10:32:29.507567,1,Aguardando Envio para o SIAFI,287,21251.0,3867.0,,
289,2020-06-26T10:32:29.507567,1,Aguardando Envio para o SIAFI,288,21813.0,4343.0,,
290,2020-06-26T10:32:29.507567,1,Aguardando Envio para o SIAFI,289,21237.0,4233.0,,
291,2020-06-26T10:32:29.507567,1,Aguardando Envio para o SIAFI,290,21860.0,4636.0,,
292,2020-06-26T10:32:29.507567,1,Aguardando Envio para o SIAFI,291,21563.0,4303.0,,
293,2020-06-26T10:32:29.507567,1,Aguardando Envio para o SIAFI,292,21223.0,4574.0,,
294,2020-06-26T10:32:29.507567,1,Aguardando Envio para o SIAFI,293,21564.0,3595.0,,
295,2020-06-26T10:32:29.507567,1,Aguardando Envio para o SIAFI,294,21201.0,4067.0,,
296,2020-06-26T10:32:29.507567,1,Aguardando Envio para o SIAFI,295,22011.0,4128.0,,
297,2020-06-26T10:32:29.507567,1,Aguardando Envio para o SIAFI,296,21315.0,3456.0,,
298,2020-06-26T10:32:29.507567,1,Aguardando Envio para o SIAFI,297,21187.0,3978.0,,
299,2020-06-26T10:32:29.507567,1,Aguardando Envio para o SIAFI,298,21314.0,4434.0,,
300,2020-06-26T10:32:29.507567,1,Aguardando Envio para o SIAFI,299,21442.0,4316.0,,
301,2020-06-26T10:32:29.507567,1,Aguardando Envio para o SIAFI,300,21393.0,4342.0,,
302,2020-06-26T10:32:29.507567,1,Aguardando Envio para o SIAFI,301,21464.0,3664.0,,
303,2020-06-26T10:32:29.507567,1,Aguardando Envio para o SIAFI,302,21463.0,5118.0,,
304,2020-06-26T10:32:29.507567,1,Aguardando Envio para o SIAFI,303,21637.0,3604.0,,
305,2020-06-26T10:32:29.507567,1,Aguardando Envio para o SIAFI,304,21648.0,4894.0,,
306,2020-06-26T10:32:29.507567,1,Aguardando Envio para o SIAFI,305,21733.0,3668.0,,
307,2020-06-26T10:32:29.507567,1,Aguardando Envio para o SIAFI,306,21776.0,4435.0,,
308,2020-06-26T10:32:29.507567,1,Aguardando Envio para o SIAFI,307,21652.0,3892.0,,
309,2020-06-26T10:32:29.507567,1,Aguardando Envio para o SIAFI,308,21108.0,4739.0,,
310,2020-06-26T10:32:29.507567,1,Aguardando Envio para o SIAFI,309,21775.0,4577.0,,
311,2020-06-26T10:32:29.507567,1,Aguardando Envio para o SIAFI,310,21777.0,4881.0,,
312,2020-06-26T10:32:29.507567,1,Aguardando Envio para o SIAFI,311,21654.0,3617.0,,
313,2020-06-26T10:32:29.507567,1,Aguardando Envio para o SIAFI,312,,,,
314,2020-06-26T10:32:29.507567,1,Aguardando Envio para o SIAFI,313,21747.0,4669.0,,
315,2020-06-26T10:32:29.507567,1,Aguardando Envio para o SIAFI,314,21651.0,4618.0,,
316,2020-06-26T10:32:29.507567,1,Aguardando Envio para o SIAFI,315,21588.0,3623.0,,
317,2020-06-26T10:32:29.507567,1,Aguardando Envio para o SIAFI,316,21959.0,4532.0,,
318,2020-06-26T10:32:29.507567,1,Aguardando Envio para o SIAFI,317,21974.0,4260.0,,
319,2020-06-26T10:32:29.507567,1,Aguardando Envio para o SIAFI,318,21976.0,4781.0,,
320,2020-06-26T10:32:29.507567,1,Aguardando Envio para o SIAFI,319,21972.0,3870.0,,
321,2020-06-26T10:32:29.507567,1,Aguardando Envio para o SIAFI,320,21955.0,3535.0,,
322,2020-06-26T10:32:29.507567,1,Aguardando Envio para o SIAFI,321,21896.0,4021.0,,
323,2020-06-26T10:32:29.507567,1,Aguardando Envio para o SIAFI,322,21975.0,3502.0,,
324,2020-06-26T10:32:29.507567,1,Aguardando Envio para o SIAFI,323,,,,
325,2020-06-26T10:32:29.507567,1,Aguardando Envio para o SIAFI,324,22021.0,3610.0,,
326,2020-06-26T10:32:29.507567,1,Aguardando Envio para o SIAFI,325,21880.0,3962.0,,
327,2020-06-26T10:32:29.507567,1,Aguardando Envio para o SIAFI,326,,,,
328,2020-06-26T10:32:29.507567,1,Aguardando Envio para o SIAFI,327,,,,
329,2020-06-26T10:32:29.507567,1,Aguardando Envio para o SIAFI,328,,,,
330,2020-06-26T10:32:29.507567,1,Aguardando Envio para o SIAFI,329,21174.0,4674.0,,
331,2020-06-26T10:32:29.507567,1,Aguardando Envio para o SIAFI,330,,,,
332,2020-06-26T10:32:29.507567,1,Aguardando Envio para o SIAFI,331,,,,
333,2020-06-26T10:32:29.507567,1,Aguardando Envio para o SIAFI,332,,,,
334,2020-06-26T10:32:29.507567,1,Aguardando Envio para o SIAFI,333,21120.0,3781.0,,
335,2020-06-26T10:32:29.507567,1,Aguardando Envio para o SIAFI,334,,,,
336,2020-06-26T10:32:29.507567,1,Aguardando Envio para o SIAFI,335,,,,
337,2020-06-26T10:32:29.507567,1,Aguardando Envio para o SIAFI,336,22037.0,3905.0,,
338,2020-06-26T10:32:29.507567,1,Aguardando Envio para o SIAFI,337,,,,
339,2020-06-26T10:32:29.507567,1,Aguardando Envio para o SIAFI,338,,,,
340,2020-06-26T10:32:29.507567,1,Aguardando Envio para o SIAFI,339,,,,
341,2020-06-26T10:32:29.507567,1,Aguardando Envio para o SIAFI,340,21160.0,5035.0,,
342,2020-06-26T10:32:29.507567,1,Aguardando Envio para o SIAFI,341,,,,
343,2020-06-26T10:32:29.507567,1,Aguardando Envio para o SIAFI,342,,,,
344,2020-06-26T10:32:29.507567,1,Aguardando Envio para o SIAFI,343,,,,
345,2020-06-26T10:32:29.507567,1,Aguardando Envio para o SIAFI,344,,,,
346,2020-06-26T10:32:29.507567,1,Aguardando Envio para o SIAFI,345,,,,
347,2020-06-26T10:32:29.507567,1,Aguardando Envio para o SIAFI,346,,,,
348,2020-06-26T10:32:29.507567,1,Aguardando Envio para o SIAFI,347,,,,
349,2020-06-26T10:32:29.507567,1,Aguardando Envio para o SIAFI,348,,,,
350,2020-06-26T10:32:29.507567,1,Aguardando Envio para o SIAFI,349,,,,
351,2020-06-26T10:32:29.507567,1,Aguardando Envio para o SIAFI,350,,,,
352,2020-06-26T10:32:29.507567,1,Aguardando Envio para o SIAFI,351,,,,
353,2020-06-26T10:32:29.507567,1,Aguardando Envio para o SIAFI,352,21107.0,5152.0,,
354,2020-06-26T10:32:29.507567,1,Aguardando Envio para o SIAFI,353,,,,
355,2020-06-26T10:32:29.507567,1,Aguardando Envio para o SIAFI,354,21279.0,5076.0,,
356,2020-06-26T10:32:29.507567,1,Aguardando Envio para o SIAFI,355,21244.0,4849.0,,
357,2020-06-26T10:32:29.507567,1,Aguardando Envio para o SIAFI,356,,,,
358,2020-06-26T10:32:29.507567,1,Aguardando Envio para o SIAFI,357,21310.0,4322.0,,
359,2020-06-26T10:32:29.507567,1,Aguardando Envio para o SIAFI,358,21311.0,4728.0,,
360,2020-06-26T10:32:29.507567,1,Aguardando Envio para o SIAFI,359,21845.0,3711.0,,
361,2020-06-26T10:32:29.507567,1,Aguardando Envio para o SIAFI,360,21089.0,4005.0,,
362,2020-06-26T10:32:29.507567,1,Aguardando Envio para o SIAFI,361,21209.0,3951.0,,
363,2020-06-26T10:32:29.507567,1,Aguardando Envio para o SIAFI,362,21854.0,4114.0,,
364,2020-06-26T10:32:29.507567,1,Aguardando Envio para o SIAFI,363,21203.0,4615.0,,
365,2020-06-26T10:32:29.507567,1,Aguardando Envio para o SIAFI,364,21859.0,4518.0,,
366,2020-06-26T10:32:29.507567,1,Aguardando Envio para o SIAFI,365,21822.0,3848.0,,
367,2020-06-26T10:32:29.507567,1,Aguardando Envio para o SIAFI,366,21857.0,4896.0,,
368,2020-06-26T10:32:29.507567,1,Aguardando Envio para o SIAFI,367,21204.0,3643.0,,
369,2020-06-26T10:32:29.507567,1,Aguardando Envio para o SIAFI,368,21816.0,4597.0,,
370,2020-06-26T10:32:29.507567,1,Aguardando Envio para o SIAFI,369,21193.0,4051.0,,
371,2020-06-26T10:32:29.507567,1,Aguardando Envio para o SIAFI,370,21824.0,4116.0,,
372,2020-06-26T10:32:29.507567,1,Aguardando Envio para o SIAFI,371,21205.0,4767.0,,
373,2020-06-26T10:32:29.507567,1,Aguardando Envio para o SIAFI,372,21216.0,4109.0,,
374,2020-06-26T10:32:29.507567,1,Aguardando Envio para o SIAFI,373,21098.0,4760.0,,
375,2020-06-26T10:32:29.507567,1,Aguardando Envio para o SIAFI,374,21852.0,3489.0,,
376,2020-06-26T10:32:29.507567,1,Aguardando Envio para o SIAFI,375,21826.0,3537.0,,
377,2020-06-26T10:32:29.507567,1,Aguardando Envio para o SIAFI,376,,,,
378,2020-06-26T10:32:29.507567,1,Aguardando Envio para o SIAFI,377,21836.0,3454.0,,
379,2020-06-26T10:32:29.507567,1,Aguardando Envio para o SIAFI,378,21106.0,3796.0,,
380,2020-06-26T10:32:29.507567,1,Aguardando Envio para o SIAFI,379,,,,
381,2020-06-26T10:32:29.507567,1,Aguardando Envio para o SIAFI,380,21364.0,3603.0,,
382,2020-06-26T10:32:29.507567,1,Aguardando Envio para o SIAFI,381,21363.0,5104.0,,
383,2020-06-26T10:32:29.507567,1,Aguardando Envio para o SIAFI,382,,,,
384,2020-06-26T10:32:29.507567,1,Aguardando Envio para o SIAFI,383,21316.0,5137.0,,
385,2020-06-26T10:32:29.507567,1,Aguardando Envio para o SIAFI,384,21874.0,5048.0,,
386,2020-06-26T10:32:29.507567,1,Aguardando Envio para o SIAFI,385,21145.0,3768.0,,
387,2020-06-26T10:32:29.507567,1,Aguardando Envio para o SIAFI,386,21147.0,4489.0,,
388,2020-06-26T10:32:29.507567,1,Aguardando Envio para o SIAFI,387,21317.0,3517.0,,
389,2020-06-26T10:32:29.507567,1,Aguardando Envio para o SIAFI,388,21137.0,4573.0,,
390,2020-06-26T10:32:29.507567,1,Aguardando Envio para o SIAFI,389,21143.0,4951.0,,
391,2020-06-26T10:32:29.507567,1,Aguardando Envio para o SIAFI,390,21144.0,4040.0,,
392,2020-06-26T10:32:29.507567,1,Aguardando Envio para o SIAFI,391,21136.0,5153.0,,
393,2020-06-26T10:32:29.507567,1,Aguardando Envio para o SIAFI,392,21151.0,3769.0,,
394,2020-06-26T10:32:29.507567,1,Aguardando Envio para o SIAFI,393,21150.0,4932.0,,
395,2020-06-26T10:32:29.507567,1,Aguardando Envio para o SIAFI,394,21322.0,3719.0,,
396,2020-06-26T10:32:29.507567,1,Aguardando Envio para o SIAFI,395,21339.0,4589.0,,
397,2020-06-26T10:32:29.507567,1,Aguardando Envio para o SIAFI,396,21338.0,5070.0,,
398,2020-06-26T10:32:29.507567,1,Aguardando Envio para o SIAFI,397,21348.0,5005.0,,
399,2020-06-26T10:32:29.507567,1,Aguardando Envio para o SIAFI,398,21342.0,4110.0,,
400,2020-06-26T10:32:29.507567,1,Aguardando Envio para o SIAFI,399,21362.0,4776.0,,
401,2020-06-26T10:32:29.507567,1,Aguardando Envio para o SIAFI,400,21360.0,3662.0,,
402,2020-06-26T10:32:29.507567,1,Aguardando Envio para o SIAFI,401,21352.0,4309.0,,
403,2020-06-26T10:32:29.507567,1,Aguardando Envio para o SIAFI,402,21346.0,4549.0,,
404,2020-06-26T10:32:29.507567,1,Aguardando Envio para o SIAFI,403,21337.0,4898.0,,
405,2020-06-26T10:32:29.507567,1,Aguardando Envio para o SIAFI,404,21154.0,3612.0,,
406,2020-06-26T10:32:29.507567,1,Aguardando Envio para o SIAFI,405,21333.0,3462.0,,
407,2020-06-26T10:32:29.507567,1,Aguardando Envio para o SIAFI,406,21139.0,4875.0,,
408,2020-06-26T10:32:29.507567,1,Aguardando Envio para o SIAFI,407,21350.0,4420.0,,
409,2020-06-26T10:32:29.507567,1,Aguardando Envio para o SIAFI,408,21345.0,4997.0,,
410,2020-06-26T10:32:29.507567,1,Aguardando Envio para o SIAFI,409,21336.0,4987.0,,
411,2020-06-26T10:32:29.507567,1,Aguardando Envio para o SIAFI,410,21153.0,5122.0,,
412,2020-06-26T10:32:29.507567,1,Aguardando Envio para o SIAFI,411,21332.0,5158.0,,
413,2020-06-26T10:32:29.507567,1,Aguardando Envio para o SIAFI,412,21867.0,3460.0,,
414,2020-06-26T10:32:29.507567,1,Aguardando Envio para o SIAFI,413,21359.0,5056.0,,
415,2020-06-26T10:32:29.507567,1,Aguardando Envio para o SIAFI,414,21351.0,5022.0,,
416,2020-06-26T10:32:29.507567,1,Aguardando Envio para o SIAFI,415,21349.0,4252.0,,
417,2020-06-26T10:32:29.507567,1,Aguardando Envio para o SIAFI,416,21138.0,5097.0,,
418,2020-06-26T10:32:29.507567,1,Aguardando Envio para o SIAFI,417,21358.0,3568.0,,
419,2020-06-26T10:32:29.507567,1,Aguardando Envio para o SIAFI,418,21354.0,4663.0,,
420,2020-06-26T10:32:29.507567,1,Aguardando Envio para o SIAFI,419,21865.0,4826.0,,
421,2020-06-26T10:32:29.507567,1,Aguardando Envio para o SIAFI,420,21356.0,3458.0,,
422,2020-06-26T10:32:29.507567,1,Aguardando Envio para o SIAFI,421,21344.0,4568.0,,
423,2020-06-26T10:32:29.507567,1,Aguardando Envio para o SIAFI,422,21876.0,4037.0,,
424,2020-06-26T10:32:29.507567,1,Aguardando Envio para o SIAFI,423,21327.0,3701.0,,
425,2020-06-26T10:32:29.507567,1,Aguardando Envio para o SIAFI,424,21142.0,3946.0,,
426,2020-06-26T10:32:29.507567,1,Aguardando Envio para o SIAFI,425,21158.0,3734.0,,
427,2020-06-26T10:32:29.507567,1,Aguardando Envio para o SIAFI,426,21152.0,4105.0,,
428,2020-06-26T10:32:29.507567,1,Aguardando Envio para o SIAFI,427,21331.0,4483.0,,
429,2020-06-26T10:32:29.507567,1,Aguardando Envio para o SIAFI,428,21872.0,4068.0,,
430,2020-06-26T10:32:29.507567,1,Aguardando Envio para o SIAFI,429,21878.0,4314.0,,
431,2020-06-26T10:32:29.507567,1,Aguardando Envio para o SIAFI,430,21321.0,3699.0,,
432,2020-06-26T10:32:29.507567,1,Aguardando Envio para o SIAFI,431,21135.0,3707.0,,
433,2020-06-26T10:32:29.507567,1,Aguardando Envio para o SIAFI,432,21870.0,4633.0,,
434,2020-06-26T10:32:29.507567,1,Aguardando Envio para o SIAFI,433,21149.0,3476.0,,
435,2020-06-26T10:32:29.507567,1,Aguardando Envio para o SIAFI,434,21163.0,4262.0,,
436,2020-06-26T10:32:29.507567,1,Aguardando Envio para o SIAFI,435,21258.0,3653.0,,
437,2020-06-26T10:32:29.507567,1,Aguardando Envio para o SIAFI,436,21318.0,3779.0,,
438,2020-06-26T10:32:29.507567,1,Aguardando Envio para o SIAFI,437,21343.0,4943.0,,
439,2020-06-26T10:32:29.507567,1,Aguardando Envio para o SIAFI,438,21875.0,5024.0,,
440,2020-06-26T10:32:29.507567,1,Aguardando Envio para o SIAFI,439,21361.0,5023.0,,
441,2020-06-26T10:32:29.507567,1,Aguardando Envio para o SIAFI,440,21326.0,5119.0,,
442,2020-06-26T10:32:29.507567,1,Aguardando Envio para o SIAFI,441,,,,
443,2020-06-26T10:32:29.507567,1,Aguardando Envio para o SIAFI,442,21157.0,5037.0,,
444,2020-06-26T10:32:29.507567,1,Aguardando Envio para o SIAFI,443,21330.0,5034.0,,
445,2020-06-26T10:32:29.507567,1,Aguardando Envio para o SIAFI,444,21871.0,5010.0,,
446,2020-06-26T10:32:29.507567,1,Aguardando Envio para o SIAFI,445,21877.0,5027.0,,
447,2020-06-26T10:32:29.507567,1,Aguardando Envio para o SIAFI,446,21320.0,5136.0,,
448,2020-06-26T10:32:29.507567,1,Aguardando Envio para o SIAFI,447,21134.0,4961.0,,
449,2020-06-26T10:32:29.507567,1,Aguardando Envio para o SIAFI,448,21866.0,5108.0,,
450,2020-06-26T10:32:29.507567,1,Aguardando Envio para o SIAFI,449,21357.0,4998.0,,
451,2020-06-26T10:32:29.507567,1,Aguardando Envio para o SIAFI,450,21353.0,4942.0,,
452,2020-06-26T10:32:29.507567,1,Aguardando Envio para o SIAFI,451,21869.0,5106.0,,
453,2020-06-26T10:32:29.507567,1,Aguardando Envio para o SIAFI,452,21148.0,5111.0,,
454,2020-06-26T10:32:29.507567,1,Aguardando Envio para o SIAFI,453,21162.0,5073.0,,
455,2020-06-26T10:32:29.507567,1,Aguardando Envio para o SIAFI,454,21355.0,5098.0,,
456,2020-06-26T10:32:29.507567,1,Aguardando Envio para o SIAFI,455,21257.0,4904.0,,
457,2020-06-26T10:32:29.507567,1,Aguardando Envio para o SIAFI,456,21341.0,5021.0,,
458,2020-06-26T10:32:29.507567,1,Aguardando Envio para o SIAFI,457,21864.0,5154.0,,
459,2020-06-26T10:32:29.507567,1,Aguardando Envio para o SIAFI,458,21544.0,4930.0,,
460,2020-06-26T10:32:29.507567,1,Aguardando Envio para o SIAFI,459,21545.0,4298.0,,
461,2020-06-26T10:32:29.507567,1,Aguardando Envio para o SIAFI,460,21680.0,4981.0,,
462,2020-06-26T10:32:29.507567,1,Aguardando Envio para o SIAFI,461,21788.0,4912.0,,
463,2020-06-26T10:32:29.507567,1,Aguardando Envio para o SIAFI,462,21689.0,4973.0,,
464,2020-06-26T10:32:29.507567,1,Aguardando Envio para o SIAFI,463,21653.0,4966.0,,
465,2020-06-26T10:32:29.507567,1,Aguardando Envio para o SIAFI,464,21678.0,4916.0,,
466,2020-06-26T10:32:29.507567,1,Aguardando Envio para o SIAFI,465,21696.0,5102.0,,
467,2020-06-26T10:32:29.507567,1,Aguardando Envio para o SIAFI,466,21673.0,5146.0,,
468,2020-06-26T10:32:29.507567,1,Aguardando Envio para o SIAFI,467,21769.0,3546.0,,
469,2020-06-26T10:32:29.507567,1,Aguardando Envio para o SIAFI,468,21697.0,3681.0,,
470,2020-06-26T10:32:29.507567,1,Aguardando Envio para o SIAFI,469,21589.0,3627.0,,
471,2020-06-26T10:32:29.507567,1,Aguardando Envio para o SIAFI,470,21635.0,4152.0,,
472,2020-06-26T10:32:29.507567,1,Aguardando Envio para o SIAFI,471,21797.0,4708.0,,
473,2020-06-26T10:32:29.507567,1,Aguardando Envio para o SIAFI,472,21674.0,4016.0,,
474,2020-06-26T10:32:29.507567,1,Aguardando Envio para o SIAFI,473,21713.0,3599.0,,
475,2020-06-26T10:32:29.507567,1,Aguardando Envio para o SIAFI,474,21579.0,3808.0,,
476,2020-06-26T10:32:29.507567,1,Aguardando Envio para o SIAFI,475,21672.0,3626.0,,
477,2020-06-26T10:32:29.507567,1,Aguardando Envio para o SIAFI,476,21132.0,3618.0,,
478,2020-06-26T10:32:29.507567,1,Aguardando Envio para o SIAFI,477,21681.0,3615.0,,
479,2020-06-26T10:32:29.507567,1,Aguardando Envio para o SIAFI,478,21581.0,3728.0,,
480,2020-06-26T10:32:29.507567,1,Aguardando Envio para o SIAFI,479,21774.0,4206.0,,
481,2020-06-26T10:32:29.507567,1,Aguardando Envio para o SIAFI,480,21632.0,4778.0,,
482,2020-06-26T10:32:29.507567,1,Aguardando Envio para o SIAFI,481,21611.0,4754.0,,
483,2020-06-26T10:32:29.507567,1,Aguardando Envio para o SIAFI,482,21628.0,4552.0,,
484,2020-06-26T10:32:29.507567,1,Aguardando Envio para o SIAFI,483,21617.0,3647.0,,
485,2020-06-26T10:32:29.507567,1,Aguardando Envio para o SIAFI,484,21661.0,3486.0,,
486,2020-06-26T10:32:29.507567,1,Aguardando Envio para o SIAFI,485,21630.0,4042.0,,
487,2020-06-26T10:32:29.507567,1,Aguardando Envio para o SIAFI,486,21790.0,4736.0,,
488,2020-06-26T10:32:29.507567,1,Aguardando Envio para o SIAFI,487,21728.0,3504.0,,
489,2020-06-26T10:32:29.507567,1,Aguardando Envio para o SIAFI,488,21669.0,4808.0,,
490,2020-06-26T10:32:29.507567,1,Aguardando Envio para o SIAFI,489,21665.0,4813.0,,
491,2020-06-26T10:32:29.507567,1,Aguardando Envio para o SIAFI,490,21602.0,4800.0,,
492,2020-06-26T10:32:29.507567,1,Aguardando Envio para o SIAFI,491,21615.0,4246.0,,
493,2020-06-26T10:32:29.507567,1,Aguardando Envio para o SIAFI,492,21807.0,3726.0,,
494,2020-06-26T10:32:29.507567,1,Aguardando Envio para o SIAFI,493,21625.0,4599.0,,
495,2020-06-26T10:32:29.507567,1,Aguardando Envio para o SIAFI,494,21710.0,3992.0,,
496,2020-06-26T10:32:29.507567,1,Aguardando Envio para o SIAFI,495,21640.0,4273.0,,
497,2020-06-26T10:32:29.507567,1,Aguardando Envio para o SIAFI,496,21634.0,4325.0,,
498,2020-06-26T10:32:29.507567,1,Aguardando Envio para o SIAFI,497,21658.0,4883.0,,
499,2020-06-26T10:32:29.507567,1,Aguardando Envio para o SIAFI,498,21765.0,4406.0,,
500,2020-06-26T10:32:29.507567,1,Aguardando Envio para o SIAFI,499,21706.0,4140.0,,
501,2020-06-26T10:32:29.507567,1,Aguardando Envio para o SIAFI,500,21663.0,3641.0,,
502,2020-06-26T10:32:29.507567,1,Aguardando Envio para o SIAFI,501,21619.0,4809.0,,
503,2020-06-26T10:32:29.507567,1,Aguardando Envio para o SIAFI,502,21604.0,4279.0,,
504,2020-06-26T10:32:29.507567,1,Aguardando Envio para o SIAFI,503,21603.0,3515.0,,
505,2020-06-26T10:32:29.507567,1,Aguardando Envio para o SIAFI,504,21605.0,3544.0,,
506,2020-06-26T10:32:29.507567,1,Aguardando Envio para o SIAFI,505,21626.0,3788.0,,
507,2020-06-26T10:32:29.507567,1,Aguardando Envio para o SIAFI,506,21664.0,5007.0,,
508,2020-06-26T10:32:29.507567,1,Aguardando Envio para o SIAFI,507,21762.0,4499.0,,
509,2020-06-26T10:32:29.507567,1,Aguardando Envio para o SIAFI,508,21624.0,5049.0,,
510,2020-06-26T10:32:29.507567,1,Aguardando Envio para o SIAFI,509,21709.0,5042.0,,
511,2020-06-26T10:32:29.507567,1,Aguardando Envio para o SIAFI,510,21639.0,5065.0,,
512,2020-06-26T10:32:29.507567,1,Aguardando Envio para o SIAFI,511,21657.0,4999.0,,
513,2020-06-26T10:32:29.507567,1,Aguardando Envio para o SIAFI,512,21633.0,5090.0,,
514,2020-06-26T10:32:29.507567,1,Aguardando Envio para o SIAFI,513,21616.0,5080.0,,
515,2020-06-26T10:32:29.507567,1,Aguardando Envio para o SIAFI,514,21727.0,4906.0,,
516,2020-06-26T10:32:29.507567,1,Aguardando Envio para o SIAFI,515,21705.0,5141.0,,
517,2020-06-26T10:32:29.507567,1,Aguardando Envio para o SIAFI,516,21629.0,4935.0,,
518,2020-06-26T10:32:29.507567,1,Aguardando Envio para o SIAFI,517,21662.0,5061.0,,
519,2020-06-26T10:32:29.507567,1,Aguardando Envio para o SIAFI,518,21806.0,5143.0,,
520,2020-06-26T10:32:29.507567,1,Aguardando Envio para o SIAFI,519,21789.0,5133.0,,
521,2020-06-26T10:32:29.507567,1,Aguardando Envio para o SIAFI,520,21614.0,4959.0,,
522,2020-06-26T10:32:29.507567,1,Aguardando Envio para o SIAFI,521,21660.0,5081.0,,
523,2020-06-26T10:32:29.507567,1,Aguardando Envio para o SIAFI,522,21627.0,4954.0,,
524,2020-06-26T10:32:29.507567,1,Aguardando Envio para o SIAFI,523,21610.0,4994.0,,
525,2020-06-26T10:32:29.507567,1,Aguardando Envio para o SIAFI,524,21631.0,5114.0,,
526,2020-06-26T10:32:29.507567,1,Aguardando Envio para o SIAFI,525,21773.0,5089.0,,
527,2020-06-26T10:32:29.507567,1,Aguardando Envio para o SIAFI,526,,,,
528,2020-06-26T10:32:29.507567,1,Aguardando Envio para o SIAFI,527,21685.0,4124.0,,
529,2020-06-26T10:32:29.507567,1,Aguardando Envio para o SIAFI,528,21754.0,3494.0,,
530,2020-06-26T10:32:29.507567,1,Aguardando Envio para o SIAFI,529,21688.0,4010.0,,
531,2020-06-26T10:32:29.507567,1,Aguardando Envio para o SIAFI,530,21690.0,4608.0,,
532,2020-06-26T10:32:29.507567,1,Aguardando Envio para o SIAFI,531,21718.0,3589.0,,
533,2020-06-26T10:32:29.507567,1,Aguardando Envio para o SIAFI,532,21707.0,3883.0,,
534,2020-06-26T10:32:29.507567,1,Aguardando Envio para o SIAFI,533,21748.0,4414.0,,
535,2020-06-26T10:32:29.507567,1,Aguardando Envio para o SIAFI,534,21712.0,4884.0,,
536,2020-06-26T10:32:29.507567,1,Aguardando Envio para o SIAFI,535,21596.0,4537.0,,
537,2020-06-26T10:32:29.507567,1,Aguardando Envio para o SIAFI,536,21578.0,3815.0,,
538,2020-06-26T10:32:29.507567,1,Aguardando Envio para o SIAFI,537,21692.0,3874.0,,
539,2020-06-26T10:32:29.507567,1,Aguardando Envio para o SIAFI,538,21715.0,4045.0,,
540,2020-06-26T10:32:29.507567,1,Aguardando Envio para o SIAFI,539,21687.0,4138.0,,
541,2020-06-26T10:32:29.507567,1,Aguardando Envio para o SIAFI,540,21770.0,3783.0,,
542,2020-06-26T10:32:29.507567,1,Aguardando Envio para o SIAFI,541,21656.0,4710.0,,
543,2020-06-26T10:32:29.507567,1,Aguardando Envio para o SIAFI,542,21620.0,3937.0,,
544,2020-06-26T10:32:29.507567,1,Aguardando Envio para o SIAFI,543,21699.0,3924.0,,
545,2020-06-26T10:32:29.507567,1,Aguardando Envio para o SIAFI,544,21580.0,4641.0,,
546,2020-06-26T10:32:29.507567,1,Aguardando Envio para o SIAFI,545,21755.0,4761.0,,
547,2020-06-26T10:32:29.507567,1,Aguardando Envio para o SIAFI,546,21646.0,3649.0,,
548,2020-06-26T10:32:29.507567,1,Aguardando Envio para o SIAFI,547,21679.0,3566.0,,
549,2020-06-26T10:32:29.507567,1,Aguardando Envio para o SIAFI,548,21686.0,3988.0,,
550,2020-06-26T10:32:29.507567,1,Aguardando Envio para o SIAFI,549,21622.0,3819.0,,
551,2020-06-26T10:32:29.507567,1,Aguardando Envio para o SIAFI,550,21828.0,3570.0,,
552,2020-06-26T10:32:29.507567,1,Aguardando Envio para o SIAFI,551,21740.0,3453.0,,
553,2020-06-26T10:32:29.507567,1,Aguardando Envio para o SIAFI,552,21741.0,3996.0,,
554,2020-06-26T10:32:29.507567,1,Aguardando Envio para o SIAFI,553,21582.0,4284.0,,
555,2020-06-26T10:32:29.507567,1,Aguardando Envio para o SIAFI,554,21198.0,5121.0,,
556,2020-06-26T10:32:29.507567,1,Aguardando Envio para o SIAFI,555,21199.0,4832.0,,
557,2020-06-26T10:32:29.507567,1,Aguardando Envio para o SIAFI,556,21211.0,4704.0,,
558,2020-06-26T10:32:29.507567,1,Aguardando Envio para o SIAFI,557,22096.0,,,
559,2020-06-26T10:32:29.507567,1,Aguardando Envio para o SIAFI,558,22072.0,4887.0,,
560,2020-06-26T10:32:29.507567,1,Aguardando Envio para o SIAFI,559,22033.0,3755.0,,
561,2020-06-26T10:32:29.507567,1,Aguardando Envio para o SIAFI,560,22053.0,4200.0,,
562,2020-06-26T10:32:29.507567,1,Aguardando Envio para o SIAFI,561,22032.0,3636.0,,
563,2020-06-26T10:32:29.507567,1,Aguardando Envio para o SIAFI,562,22093.0,,,
564,2020-06-26T10:32:29.507567,1,Aguardando Envio para o SIAFI,563,,,,
565,2020-06-26T10:32:29.507567,1,Aguardando Envio para o SIAFI,564,22040.0,3789.0,,
566,2020-06-26T10:32:29.507567,1,Aguardando Envio para o SIAFI,565,22029.0,4218.0,,
567,2020-06-26T10:32:29.507567,1,Aguardando Envio para o SIAFI,566,22114.0,,,
568,2020-06-26T10:32:29.507567,1,Aguardando Envio para o SIAFI,567,22173.0,3706.0,,
569,2020-06-26T10:32:29.507567,1,Aguardando Envio para o SIAFI,568,22127.0,,,
570,2020-06-26T10:32:29.507567,1,Aguardando Envio para o SIAFI,569,,,,
571,2020-06-26T10:32:29.507567,1,Aguardando Envio para o SIAFI,570,22130.0,,,
572,2020-06-26T10:32:29.507567,1,Aguardando Envio para o SIAFI,571,22081.0,4313.0,,
573,2020-06-26T10:32:29.507567,1,Aguardando Envio para o SIAFI,572,,,,
574,2020-06-26T10:32:29.507567,1,Aguardando Envio para o SIAFI,573,,,,
575,2020-06-26T10:32:29.507567,1,Aguardando Envio para o SIAFI,574,,,,
576,2020-06-26T10:32:29.507567,1,Aguardando Envio para o SIAFI,575,,,,
577,2020-06-26T10:32:29.507567,1,Aguardando Envio para o SIAFI,576,,,,
578,2020-06-26T10:32:29.507567,1,Aguardando Envio para o SIAFI,577,,,,
579,2020-06-26T10:32:29.507567,1,Aguardando Envio para o SIAFI,578,,,,
580,2020-06-26T10:32:29.507567,1,Aguardando Envio para o SIAFI,579,,,,
581,2020-06-26T10:32:29.507567,1,Aguardando Envio para o SIAFI,580,,,,
582,2020-06-26T10:32:29.507567,1,Aguardando Envio para o SIAFI,581,,,,
583,2020-06-26T10:32:29.507567,1,Aguardando Envio para o SIAFI,582,,,,
584,2020-06-26T10:32:29.507567,1,Aguardando Envio para o SIAFI,583,,,,
585,2020-06-26T10:32:29.507567,1,Aguardando Envio para o SIAFI,584,,,,
586,2020-06-26T10:32:29.507567,1,Aguardando Envio para o SIAFI,585,,,,
587,2020-06-26T10:32:29.507567,1,Aguardando Envio para o SIAFI,586,,,,
588,2020-06-26T10:32:29.507567,1,Aguardando Envio para o SIAFI,587,,,,
589,2020-06-26T10:32:29.507567,1,Aguardando Envio para o SIAFI,588,,,,
590,2020-06-26T10:32:29.507567,1,Aguardando Envio para o SIAFI,589,21175.0,4104.0,,
591,2020-06-26T10:32:29.507567,1,Aguardando Envio para o SIAFI,590,,,,
592,2020-06-26T10:32:29.507567,1,Aguardando Envio para o SIAFI,591,,,,
593,2020-06-26T10:32:29.507567,1,Aguardando Envio para o SIAFI,592,,,,
594,2020-06-26T10:32:29.507567,1,Aguardando Envio para o SIAFI,593,,,,
595,2020-06-26T10:32:29.507567,1,Aguardando Envio para o SIAFI,594,,,,
596,2020-06-26T10:32:29.507567,1,Aguardando Envio para o SIAFI,595,,,,
597,2020-06-26T10:32:29.507567,1,Aguardando Envio para o SIAFI,596,,,,
598,2020-06-26T10:32:29.507567,1,Aguardando Envio para o SIAFI,597,,,,
599,2020-06-26T10:32:29.507567,1,Aguardando Envio para o SIAFI,598,,,,
600,2020-06-26T10:32:29.507567,1,Aguardando Envio para o SIAFI,599,,,,
601,2020-06-26T10:32:29.507567,1,Aguardando Envio para o SIAFI,600,,,,
602,2020-06-26T10:32:29.507567,1,Aguardando Envio para o SIAFI,601,,,,
603,2020-06-26T10:32:29.507567,1,Aguardando Envio para o SIAFI,602,,,,
604,2020-06-26T10:32:29.507567,1,Aguardando Envio para o SIAFI,603,,,,
605,2020-06-26T10:32:29.507567,1,Aguardando Envio para o SIAFI,604,,,,
606,2020-06-26T10:32:29.507567,1,Aguardando Envio para o SIAFI,605,,,,
607,2020-06-26T10:32:29.507567,1,Aguardando Envio para o SIAFI,606,,,,
608,2020-06-26T10:32:29.507567,1,Aguardando Envio para o SIAFI,607,,,,
609,2020-06-26T10:32:29.507567,1,Aguardando Envio para o SIAFI,608,,,,
610,2020-06-26T10:32:29.507567,1,Aguardando Envio para o SIAFI,609,,,,
611,2020-06-26T10:32:29.507567,1,Aguardando Envio para o SIAFI,610,21194.0,4367.0,,
612,2020-06-26T10:32:29.507567,1,Aguardando Envio para o SIAFI,611,,,,
613,2020-06-26T10:32:29.507567,1,Aguardando Envio para o SIAFI,612,,,,
614,2020-06-26T10:32:29.507567,1,Aguardando Envio para o SIAFI,613,,,,
615,2020-06-26T10:32:29.507567,1,Aguardando Envio para o SIAFI,614,,,,
616,2020-06-26T10:32:29.507567,1,Aguardando Envio para o SIAFI,615,21178.0,4688.0,,
617,2020-06-26T10:32:29.507567,1,Aguardando Envio para o SIAFI,616,,,,
618,2020-06-26T10:32:29.507567,1,Aguardando Envio para o SIAFI,617,,,,
619,2020-06-26T10:32:29.507567,1,Aguardando Envio para o SIAFI,618,,,,
620,2020-06-26T10:32:29.507567,1,Aguardando Envio para o SIAFI,619,,,,
621,2020-06-26T10:32:29.507567,1,Aguardando Envio para o SIAFI,620,,,,
622,2020-06-26T10:32:29.507567,1,Aguardando Envio para o SIAFI,621,,,,
623,2020-06-26T10:32:29.507567,1,Aguardando Envio para o SIAFI,622,21115.0,4605.0,,
624,2020-06-26T10:32:29.507567,1,Aguardando Envio para o SIAFI,623,,,,
625,2020-06-26T10:32:29.507567,1,Aguardando Envio para o SIAFI,624,,,,
626,2020-06-26T10:32:29.507567,1,Aguardando Envio para o SIAFI,625,,,,
627,2020-06-26T10:32:29.507567,1,Aguardando Envio para o SIAFI,626,,,,
628,2020-06-26T10:32:29.507567,1,Aguardando Envio para o SIAFI,627,,,,
629,2020-06-26T10:32:29.507567,1,Aguardando Envio para o SIAFI,628,,,,
630,2020-06-26T10:32:29.507567,1,Aguardando Envio para o SIAFI,629,,,,
631,2020-06-26T10:32:29.507567,1,Aguardando Envio para o SIAFI,630,,,,
632,2020-06-26T10:32:29.507567,1,Aguardando Envio para o SIAFI,631,,,,
633,2020-06-26T10:32:29.507567,1,Aguardando Envio para o SIAFI,632,,,,
634,2020-06-26T10:32:29.507567,1,Aguardando Envio para o SIAFI,633,,,,
635,2020-06-26T10:32:29.507567,1,Aguardando Envio para o SIAFI,634,,,,
636,2020-06-26T10:32:29.507567,1,Aguardando Envio para o SIAFI,635,,,,
637,2020-06-26T10:32:29.507567,1,Aguardando Envio para o SIAFI,636,,,,
638,2020-06-26T10:32:29.507567,1,Aguardando Envio para o SIAFI,637,,,,
639,2020-06-26T10:32:29.507567,1,Aguardando Envio para o SIAFI,638,,,,
640,2020-06-26T10:32:29.507567,1,Aguardando Envio para o SIAFI,639,,,,
641,2020-06-26T10:32:29.507567,1,Aguardando Envio para o SIAFI,640,,,,
642,2020-06-26T10:32:29.507567,1,Aguardando Envio para o SIAFI,641,,,,
643,2020-06-26T10:32:29.507567,1,Aguardando Envio para o SIAFI,642,,,,
644,2020-06-26T10:32:29.507567,1,Aguardando Envio para o SIAFI,643,,,,
645,2020-06-26T10:32:29.507567,1,Aguardando Envio para o SIAFI,644,,,,
646,2020-06-26T10:32:29.507567,1,Aguardando Envio para o SIAFI,645,,,,
647,2020-06-26T10:32:29.507567,1,Aguardando Envio para o SIAFI,646,,,,
648,2020-06-26T10:32:29.507567,1,Aguardando Envio para o SIAFI,647,,,,
649,2020-06-26T10:32:29.507567,1,Aguardando Envio para o SIAFI,648,,,,
650,2020-06-26T10:32:29.507567,1,Aguardando Envio para o SIAFI,649,,,,
651,2020-06-26T10:32:29.507567,1,Aguardando Envio para o SIAFI,650,,,,
652,2020-06-26T10:32:29.507567,1,Aguardando Envio para o SIAFI,651,21179.0,4121.0,,
653,2020-06-26T10:32:29.507567,1,Aguardando Envio para o SIAFI,652,,,,
654,2020-06-26T10:32:29.507567,1,Aguardando Envio para o SIAFI,653,,,,
655,2020-06-26T10:32:29.507567,1,Aguardando Envio para o SIAFI,654,,,,
656,2020-06-26T10:32:29.507567,1,Aguardando Envio para o SIAFI,655,,,,
657,2020-06-26T10:32:29.507567,1,Aguardando Envio para o SIAFI,656,,,,
658,2020-06-26T10:32:29.507567,1,Aguardando Envio para o SIAFI,657,21256.0,3721.0,,
659,2020-06-26T10:32:29.507567,1,Aguardando Envio para o SIAFI,658,,,,
660,2020-06-26T10:32:29.507567,1,Aguardando Envio para o SIAFI,659,,,,
661,2020-06-26T10:32:29.507567,1,Aguardando Envio para o SIAFI,660,,,,
662,2020-06-26T10:32:29.507567,1,Aguardando Envio para o SIAFI,661,,,,
663,2020-06-26T10:32:29.507567,1,Aguardando Envio para o SIAFI,662,,,,
664,2020-06-26T10:32:29.507567,1,Aguardando Envio para o SIAFI,663,,,,
665,2020-06-26T10:32:29.507567,1,Aguardando Envio para o SIAFI,664,,,,
666,2020-06-26T10:32:29.507567,1,Aguardando Envio para o SIAFI,665,,,,
667,2020-06-26T10:32:29.507567,1,Aguardando Envio para o SIAFI,666,,,,
668,2020-06-26T10:32:29.507567,1,Aguardando Envio para o SIAFI,667,,,,
669,2020-06-26T10:32:29.507567,1,Aguardando Envio para o SIAFI,668,,,,
670,2020-06-26T10:32:29.507567,1,Aguardando Envio para o SIAFI,669,,,,
671,2020-06-26T10:32:29.507567,1,Aguardando Envio para o SIAFI,670,22105.0,,,
672,2020-06-26T10:32:29.507567,1,Aguardando Envio para o SIAFI,671,22129.0,,,
673,2020-06-26T10:32:29.507567,1,Aguardando Envio para o SIAFI,672,22098.0,,,
674,2020-06-26T10:32:29.507567,1,Aguardando Envio para o SIAFI,673,22038.0,3871.0,,
675,2020-06-26T10:32:29.507567,1,Aguardando Envio para o SIAFI,674,22103.0,,,
676,2020-06-26T10:32:29.507567,1,Aguardando Envio para o SIAFI,675,22097.0,,,
677,2020-06-26T10:32:29.507567,1,Aguardando Envio para o SIAFI,676,22102.0,,,
678,2020-06-26T10:32:29.507567,1,Aguardando Envio para o SIAFI,677,,,,
679,2020-06-26T10:32:29.507567,1,Aguardando Envio para o SIAFI,678,,,,
680,2020-06-26T10:32:29.507567,1,Aguardando Envio para o SIAFI,679,21241.0,4437.0,,
681,2020-06-26T10:32:29.507567,1,Aguardando Envio para o SIAFI,680,,,,
682,2020-06-26T10:32:29.507567,1,Aguardando Envio para o SIAFI,681,,,,
683,2020-06-26T10:32:29.507567,1,Aguardando Envio para o SIAFI,682,,,,
684,2020-06-26T10:32:29.507567,1,Aguardando Envio para o SIAFI,683,,,,
685,2020-06-26T10:32:29.507567,1,Aguardando Envio para o SIAFI,684,,,,
686,2020-06-26T10:32:29.507567,1,Aguardando Envio para o SIAFI,685,,,,
687,2020-06-26T10:32:29.507567,1,Aguardando Envio para o SIAFI,686,,,,
688,2020-06-26T10:32:29.507567,1,Aguardando Envio para o SIAFI,687,,,,
689,2020-06-26T10:32:29.507567,1,Aguardando Envio para o SIAFI,688,,,,
690,2020-06-26T10:32:29.507567,1,Aguardando Envio para o SIAFI,689,,,,
691,2020-06-26T10:32:29.507567,1,Aguardando Envio para o SIAFI,690,21112.0,3541.0,,
692,2020-06-26T10:32:29.507567,1,Aguardando Envio para o SIAFI,691,22028.0,3836.0,,
693,2020-06-26T10:32:29.507567,1,Aguardando Envio para o SIAFI,692,,,,
694,2020-06-26T10:32:29.507567,1,Aguardando Envio para o SIAFI,693,,,,
695,2020-06-26T10:32:29.507567,1,Aguardando Envio para o SIAFI,694,21486.0,4180.0,,
696,2020-06-26T10:32:29.507567,1,Aguardando Envio para o SIAFI,695,21487.0,4065.0,,
697,2020-06-26T10:32:29.507567,1,Aguardando Envio para o SIAFI,696,21803.0,4744.0,,
698,2020-06-26T10:32:29.507567,1,Aguardando Envio para o SIAFI,697,21804.0,3533.0,,
699,2020-06-26T10:32:29.507567,1,Aguardando Envio para o SIAFI,698,21312.0,3669.0,,
700,2020-06-26T10:32:29.507567,1,Aguardando Envio para o SIAFI,699,21086.0,4441.0,,
701,2020-06-26T10:32:29.507567,1,Aguardando Envio para o SIAFI,700,,,,
702,2020-06-26T10:32:29.507567,1,Aguardando Envio para o SIAFI,701,21526.0,3705.0,,
703,2020-06-26T10:32:29.507567,1,Aguardando Envio para o SIAFI,702,21536.0,4130.0,,
704,2020-06-26T10:32:29.507567,1,Aguardando Envio para o SIAFI,703,,,,
705,2020-06-26T10:32:29.507567,1,Aguardando Envio para o SIAFI,704,21446.0,3645.0,,
706,2020-06-26T10:32:29.507567,1,Aguardando Envio para o SIAFI,705,21456.0,3679.0,,
707,2020-06-26T10:32:29.507567,1,Aguardando Envio para o SIAFI,706,21417.0,5099.0,,
708,2020-06-26T10:32:29.507567,1,Aguardando Envio para o SIAFI,707,21420.0,5155.0,,
709,2020-06-26T10:32:29.507567,1,Aguardando Envio para o SIAFI,708,21427.0,5145.0,,
710,2020-06-26T10:32:29.507567,1,Aguardando Envio para o SIAFI,709,21437.0,5028.0,,
711,2020-06-26T10:32:29.507567,1,Aguardando Envio para o SIAFI,710,21428.0,3492.0,,
712,2020-06-26T10:32:29.507567,1,Aguardando Envio para o SIAFI,711,21421.0,4856.0,,
713,2020-06-26T10:32:29.507567,1,Aguardando Envio para o SIAFI,712,21422.0,3529.0,,
714,2020-06-26T10:32:29.507567,1,Aguardando Envio para o SIAFI,713,21396.0,3512.0,,
715,2020-06-26T10:32:29.507567,1,Aguardando Envio para o SIAFI,714,21457.0,4362.0,,
716,2020-06-26T10:32:29.507567,1,Aguardando Envio para o SIAFI,715,21402.0,4515.0,,
717,2020-06-26T10:32:29.507567,1,Aguardando Envio para o SIAFI,716,,,,
718,2020-06-26T10:32:29.507567,1,Aguardando Envio para o SIAFI,717,,,,
719,2020-06-26T10:32:29.507567,1,Aguardando Envio para o SIAFI,718,21449.0,4733.0,,
720,2020-06-26T10:32:29.507567,1,Aguardando Envio para o SIAFI,719,21433.0,3837.0,,
721,2020-06-26T10:32:29.507567,1,Aguardando Envio para o SIAFI,720,21406.0,4784.0,,
722,2020-06-26T10:32:29.507567,1,Aguardando Envio para o SIAFI,721,21097.0,3583.0,,
723,2020-06-26T10:32:29.507567,1,Aguardando Envio para o SIAFI,722,21189.0,4172.0,,
724,2020-06-26T10:32:29.507567,1,Aguardando Envio para o SIAFI,723,21195.0,4227.0,,
725,2020-06-26T10:32:29.507567,1,Aguardando Envio para o SIAFI,724,21099.0,4444.0,,
726,2020-06-26T10:32:29.507567,1,Aguardando Envio para o SIAFI,725,21212.0,3969.0,,
727,2020-06-26T10:32:29.507567,1,Aguardando Envio para o SIAFI,726,21817.0,3631.0,,
728,2020-06-26T10:32:29.507567,1,Aguardando Envio para o SIAFI,727,21259.0,4416.0,,
729,2020-06-26T10:32:29.507567,1,Aguardando Envio para o SIAFI,728,21253.0,4836.0,,
730,2020-06-26T10:32:29.507567,1,Aguardando Envio para o SIAFI,729,21101.0,4742.0,,
731,2020-06-26T10:32:29.507567,1,Aguardando Envio para o SIAFI,730,21213.0,4134.0,,
732,2020-06-26T10:32:29.507567,1,Aguardando Envio para o SIAFI,731,21475.0,4895.0,,
733,2020-06-26T10:32:29.507567,1,Aguardando Envio para o SIAFI,732,21472.0,4211.0,,
734,2020-06-26T10:32:29.507567,1,Aguardando Envio para o SIAFI,733,21485.0,4544.0,,
735,2020-06-26T10:32:29.507567,1,Aguardando Envio para o SIAFI,734,21471.0,3931.0,,
736,2020-06-26T10:32:29.507567,1,Aguardando Envio para o SIAFI,735,21441.0,3832.0,,
737,2020-06-26T10:32:29.507567,1,Aguardando Envio para o SIAFI,736,21482.0,4158.0,,
738,2020-06-26T10:32:29.507567,1,Aguardando Envio para o SIAFI,737,21480.0,3773.0,,
739,2020-06-26T10:32:29.507567,1,Aguardando Envio para o SIAFI,738,21994.0,4649.0,,
740,2020-06-26T10:32:29.507567,1,Aguardando Envio para o SIAFI,739,21991.0,4424.0,,
741,2020-06-26T10:32:29.507567,1,Aguardando Envio para o SIAFI,740,21907.0,4571.0,,
742,2020-06-26T10:32:29.507567,1,Aguardando Envio para o SIAFI,741,21968.0,4141.0,,
743,2020-06-26T10:32:29.507567,1,Aguardando Envio para o SIAFI,742,21992.0,4638.0,,
744,2020-06-26T10:32:29.507567,1,Aguardando Envio para o SIAFI,743,,,,
745,2020-06-26T10:32:29.507567,1,Aguardando Envio para o SIAFI,744,,,,
746,2020-06-26T10:32:29.507567,1,Aguardando Envio para o SIAFI,745,,,,
747,2020-06-26T10:32:29.507567,1,Aguardando Envio para o SIAFI,746,22124.0,,,
748,2020-06-26T10:32:29.507567,1,Aguardando Envio para o SIAFI,747,22123.0,,,
749,2020-06-26T10:32:29.507567,1,Aguardando Envio para o SIAFI,748,,,,
750,2020-06-26T10:32:29.507567,1,Aguardando Envio para o SIAFI,749,,,,
751,2020-06-26T10:32:29.507567,1,Aguardando Envio para o SIAFI,750,22084.0,,,
752,2020-06-26T10:32:29.507567,1,Aguardando Envio para o SIAFI,751,,,,
753,2020-06-26T10:32:29.507567,1,Aguardando Envio para o SIAFI,752,22067.0,3955.0,,
754,2020-06-26T10:32:29.507567,1,Aguardando Envio para o SIAFI,753,22071.0,4238.0,,
755,2020-06-26T10:32:29.507567,1,Aguardando Envio para o SIAFI,754,21113.0,4611.0,,
756,2020-06-26T10:32:29.507567,1,Aguardando Envio para o SIAFI,755,22005.0,4052.0,,
757,2020-06-26T10:32:29.507567,1,Aguardando Envio para o SIAFI,756,22000.0,4534.0,,
758,2020-06-26T10:32:29.507567,1,Aguardando Envio para o SIAFI,757,21998.0,4749.0,,
759,2020-06-26T10:32:29.507567,1,Aguardando Envio para o SIAFI,758,21958.0,4381.0,,
760,2020-06-26T10:32:29.507567,1,Aguardando Envio para o SIAFI,759,22025.0,4076.0,,
761,2020-06-26T10:32:29.507567,1,Aguardando Envio para o SIAFI,760,,,,
762,2020-06-26T10:32:29.507567,1,Aguardando Envio para o SIAFI,761,21987.0,4411.0,,
763,2020-06-26T10:32:29.507567,1,Aguardando Envio para o SIAFI,762,21947.0,4476.0,,
764,2020-06-26T10:32:29.507567,1,Aguardando Envio para o SIAFI,763,21928.0,4236.0,,
765,2020-06-26T10:32:29.507567,1,Aguardando Envio para o SIAFI,764,22001.0,4558.0,,
766,2020-06-26T10:32:29.507567,1,Aguardando Envio para o SIAFI,765,21881.0,3499.0,,
767,2020-06-26T10:32:29.507567,1,Aguardando Envio para o SIAFI,766,22004.0,4833.0,,
768,2020-06-26T10:32:29.507567,1,Aguardando Envio para o SIAFI,767,21884.0,4368.0,,
769,2020-06-26T10:32:29.507567,1,Aguardando Envio para o SIAFI,768,21897.0,4864.0,,
770,2020-06-26T10:32:29.507567,1,Aguardando Envio para o SIAFI,769,21995.0,4783.0,,
771,2020-06-26T10:32:29.507567,1,Aguardando Envio para o SIAFI,770,21922.0,4237.0,,
772,2020-06-26T10:32:29.507567,1,Aguardando Envio para o SIAFI,771,21969.0,3859.0,,
773,2020-06-26T10:32:29.507567,1,Aguardando Envio para o SIAFI,772,21914.0,4229.0,,
774,2020-06-26T10:32:29.507567,1,Aguardando Envio para o SIAFI,773,22002.0,3747.0,,
775,2020-06-26T10:32:29.507567,1,Aguardando Envio para o SIAFI,774,22022.0,4013.0,,
776,2020-06-26T10:32:29.507567,1,Aguardando Envio para o SIAFI,775,21984.0,4159.0,,
777,2020-06-26T10:32:29.507567,1,Aguardando Envio para o SIAFI,776,22024.0,4371.0,,
778,2020-06-26T10:32:29.507567,1,Aguardando Envio para o SIAFI,777,21908.0,4190.0,,
779,2020-06-26T10:32:29.507567,1,Aguardando Envio para o SIAFI,778,21893.0,3749.0,,
780,2020-06-26T10:32:29.507567,1,Aguardando Envio para o SIAFI,779,21891.0,4094.0,,
781,2020-06-26T10:32:29.507567,1,Aguardando Envio para o SIAFI,780,21950.0,4228.0,,
782,2020-06-26T10:32:29.507567,1,Aguardando Envio para o SIAFI,781,21913.0,4616.0,,
783,2020-06-26T10:32:29.507567,1,Aguardando Envio para o SIAFI,782,21945.0,3608.0,,
784,2020-06-26T10:32:29.507567,1,Aguardando Envio para o SIAFI,783,21937.0,4475.0,,
785,2020-06-26T10:32:29.507567,1,Aguardando Envio para o SIAFI,784,21971.0,3850.0,,
786,2020-06-26T10:32:29.507567,1,Aguardando Envio para o SIAFI,785,21885.0,4292.0,,
787,2020-06-26T10:32:29.507567,1,Aguardando Envio para o SIAFI,786,21943.0,4773.0,,
788,2020-06-26T10:32:29.507567,1,Aguardando Envio para o SIAFI,787,21909.0,4345.0,,
789,2020-06-26T10:32:29.507567,1,Aguardando Envio para o SIAFI,788,21973.0,4484.0,,
790,2020-06-26T10:32:29.507567,1,Aguardando Envio para o SIAFI,789,21758.0,4059.0,,
791,2020-06-26T10:32:29.507567,1,Aguardando Envio para o SIAFI,790,21714.0,4880.0,,
792,2020-06-26T10:32:29.507567,1,Aguardando Envio para o SIAFI,791,21597.0,3567.0,,
793,2020-06-26T10:32:29.507567,1,Aguardando Envio para o SIAFI,792,22085.0,,,
794,2020-06-26T10:32:29.507567,1,Aguardando Envio para o SIAFI,793,22121.0,,,
795,2020-06-26T10:32:29.507567,1,Aguardando Envio para o SIAFI,794,22089.0,,,
796,2020-06-26T10:32:29.507567,1,Aguardando Envio para o SIAFI,795,,,,
797,2020-06-26T10:32:29.507567,1,Aguardando Envio para o SIAFI,796,22092.0,,,
798,2020-06-26T10:32:29.507567,1,Aguardando Envio para o SIAFI,797,22030.0,4539.0,,
799,2020-06-26T10:32:29.507567,1,Aguardando Envio para o SIAFI,798,,,,
800,2020-06-26T10:32:29.507567,1,Aguardando Envio para o SIAFI,799,,,,
801,2020-06-26T10:32:29.507567,1,Aguardando Envio para o SIAFI,800,21166.0,4155.0,,
802,2020-06-26T10:32:29.507567,1,Aguardando Envio para o SIAFI,801,22094.0,,,
803,2020-06-26T10:32:29.507567,1,Aguardando Envio para o SIAFI,802,22099.0,,,
804,2020-06-26T10:32:29.507567,1,Aguardando Envio para o SIAFI,803,22113.0,,,
805,2020-06-26T10:32:29.507567,1,Aguardando Envio para o SIAFI,804,22125.0,,,
806,2020-06-26T10:32:29.507567,1,Aguardando Envio para o SIAFI,805,22060.0,4713.0,,
807,2020-06-26T10:32:29.507567,1,Aguardando Envio para o SIAFI,806,,,,
808,2020-06-26T10:32:29.507567,1,Aguardando Envio para o SIAFI,807,21155.0,4478.0,,
809,2020-06-26T10:32:29.507567,1,Aguardando Envio para o SIAFI,808,,,,
810,2020-06-26T10:32:29.507567,1,Aguardando Envio para o SIAFI,809,,,,
811,2020-06-26T10:32:29.507567,1,Aguardando Envio para o SIAFI,810,,,,
812,2020-06-26T10:32:29.507567,1,Aguardando Envio para o SIAFI,811,,,,
813,2020-06-26T10:32:29.507567,1,Aguardando Envio para o SIAFI,812,,,,
814,2020-06-26T10:32:29.507567,1,Aguardando Envio para o SIAFI,813,,,,
815,2020-06-26T10:32:29.507567,1,Aguardando Envio para o SIAFI,814,,,,
816,2020-06-26T10:32:29.507567,1,Aguardando Envio para o SIAFI,815,,,,
817,2020-06-26T10:32:29.507567,1,Aguardando Envio para o SIAFI,816,,,,
818,2020-06-26T10:32:29.507567,1,Aguardando Envio para o SIAFI,817,,,,
819,2020-06-26T10:32:29.507567,1,Aguardando Envio para o SIAFI,818,,,,
820,2020-06-26T10:32:29.507567,1,Aguardando Envio para o SIAFI,819,,,,
821,2020-06-26T10:32:29.507567,1,Aguardando Envio para o SIAFI,820,,,,
822,2020-06-26T10:32:29.507567,1,Aguardando Envio para o SIAFI,821,,,,
823,2020-06-26T10:32:29.507567,1,Aguardando Envio para o SIAFI,822,21289.0,4718.0,,
824,2020-06-26T10:32:29.507567,1,Aguardando Envio para o SIAFI,823,21296.0,3791.0,,
825,2020-06-26T10:32:29.507567,1,Aguardando Envio para o SIAFI,824,21838.0,4677.0,,
826,2020-06-26T10:32:29.507567,1,Aguardando Envio para o SIAFI,825,21285.0,4049.0,,
827,2020-06-26T10:32:29.507567,1,Aguardando Envio para o SIAFI,826,21286.0,3689.0,,
828,2020-06-26T10:32:29.507567,1,Aguardando Envio para o SIAFI,827,21282.0,4495.0,,
829,2020-06-26T10:32:29.507567,1,Aguardando Envio para o SIAFI,828,21295.0,4409.0,,
830,2020-06-26T10:32:29.507567,1,Aguardando Envio para o SIAFI,829,21283.0,4872.0,,
831,2020-06-26T10:32:29.507567,1,Aguardando Envio para o SIAFI,830,21291.0,3648.0,,
832,2020-06-26T10:32:29.507567,1,Aguardando Envio para o SIAFI,831,21293.0,3853.0,,
833,2020-06-26T10:32:29.507567,1,Aguardando Envio para o SIAFI,832,21799.0,3723.0,,
834,2020-06-26T10:32:29.507567,1,Aguardando Envio para o SIAFI,833,21294.0,4702.0,,
835,2020-06-26T10:32:29.507567,1,Aguardando Envio para o SIAFI,834,21478.0,3822.0,,
836,2020-06-26T10:32:29.507567,1,Aguardando Envio para o SIAFI,835,,,,
837,2020-06-26T10:32:29.507567,1,Aguardando Envio para o SIAFI,836,,,,
838,2020-06-26T10:32:29.507567,1,Aguardando Envio para o SIAFI,837,,,,
839,2020-06-26T10:32:29.507567,1,Aguardando Envio para o SIAFI,838,,,,
840,2020-06-26T10:32:29.507567,1,Aguardando Envio para o SIAFI,839,21191.0,3821.0,,
841,2020-06-26T10:32:29.507567,1,Aguardando Envio para o SIAFI,840,,,,
842,2020-06-26T10:32:29.507567,1,Aguardando Envio para o SIAFI,841,,,,
843,2020-06-26T10:32:29.507567,1,Aguardando Envio para o SIAFI,842,,,,
844,2020-06-26T10:32:29.507567,1,Aguardando Envio para o SIAFI,843,,,,
845,2020-06-26T10:32:29.507567,1,Aguardando Envio para o SIAFI,844,,,,
846,2020-06-26T10:32:29.507567,1,Aguardando Envio para o SIAFI,845,,,,
847,2020-06-26T10:32:29.507567,1,Aguardando Envio para o SIAFI,846,,,,
848,2020-06-26T10:32:29.507567,1,Aguardando Envio para o SIAFI,847,,,,
849,2020-06-26T10:32:29.507567,1,Aguardando Envio para o SIAFI,848,,,,
850,2020-06-26T10:32:29.507567,1,Aguardando Envio para o SIAFI,849,22051.0,4505.0,,
851,2020-06-26T10:32:29.507567,1,Aguardando Envio para o SIAFI,850,22117.0,,,
852,2020-06-26T10:32:29.507567,1,Aguardando Envio para o SIAFI,851,,,,
853,2020-06-26T10:32:29.507567,1,Aguardando Envio para o SIAFI,852,,,,
854,2020-06-26T10:32:29.507567,1,Aguardando Envio para o SIAFI,853,22034.0,3677.0,,
855,2020-06-26T10:32:29.507567,1,Aguardando Envio para o SIAFI,854,22077.0,3654.0,,
856,2020-06-26T10:32:29.507567,1,Aguardando Envio para o SIAFI,855,22100.0,,,
857,2020-06-26T10:32:29.507567,1,Aguardando Envio para o SIAFI,856,22110.0,,,
858,2020-06-26T10:32:29.507567,1,Aguardando Envio para o SIAFI,857,22047.0,3876.0,,
859,2020-06-26T10:32:29.507567,1,Aguardando Envio para o SIAFI,858,22101.0,,,
860,2020-06-26T10:32:29.507567,1,Aguardando Envio para o SIAFI,859,22128.0,,,
861,2020-06-26T10:32:29.507567,1,Aguardando Envio para o SIAFI,860,22104.0,,,
862,2020-06-26T10:32:29.507567,1,Aguardando Envio para o SIAFI,861,22049.0,3532.0,,
863,2020-06-26T10:32:29.507567,1,Aguardando Envio para o SIAFI,862,22126.0,,,
864,2020-06-26T10:32:29.507567,1,Aguardando Envio para o SIAFI,863,22065.0,4331.0,,
865,2020-06-26T10:32:29.507567,1,Aguardando Envio para o SIAFI,864,22119.0,,,
866,2020-06-26T10:32:29.507567,1,Aguardando Envio para o SIAFI,865,22069.0,4015.0,,
867,2020-06-26T10:32:29.507567,1,Aguardando Envio para o SIAFI,866,22118.0,,,
868,2020-06-26T10:32:29.507567,1,Aguardando Envio para o SIAFI,867,22116.0,,,
869,2020-06-26T10:32:29.507567,1,Aguardando Envio para o SIAFI,868,22106.0,,,
870,2020-06-26T10:32:29.507567,1,Aguardando Envio para o SIAFI,869,,,,
871,2020-06-26T10:32:29.507567,1,Aguardando Envio para o SIAFI,870,22031.0,4151.0,,
872,2020-06-26T10:32:29.507567,1,Aguardando Envio para o SIAFI,871,,,,
873,2020-06-26T10:32:29.507567,1,Aguardando Envio para o SIAFI,872,22107.0,,,
874,2020-06-26T10:32:29.507567,1,Aguardando Envio para o SIAFI,873,21299.0,3800.0,,
875,2020-06-26T10:32:29.507567,1,Aguardando Envio para o SIAFI,874,21284.0,4717.0,,
876,2020-06-26T10:32:29.507567,1,Aguardando Envio para o SIAFI,875,,,,
877,2020-06-26T10:32:29.507567,1,Aguardando Envio para o SIAFI,876,21300.0,4811.0,,
878,2020-06-26T10:32:29.507567,1,Aguardando Envio para o SIAFI,877,21287.0,4386.0,,
879,2020-06-26T10:32:29.507567,1,Aguardando Envio para o SIAFI,878,21476.0,3590.0,,
880,2020-06-26T10:32:29.507567,1,Aguardando Envio para o SIAFI,879,21280.0,4335.0,,
881,2020-06-26T10:32:29.507567,1,Aguardando Envio para o SIAFI,880,21177.0,3505.0,,
882,2020-06-26T10:32:29.507567,1,Aguardando Envio para o SIAFI,881,,,,
883,2020-06-26T10:32:29.507567,1,Aguardando Envio para o SIAFI,882,21290.0,3997.0,,
884,2020-06-26T10:32:29.507567,1,Aguardando Envio para o SIAFI,883,21298.0,3523.0,,
885,2020-06-26T10:32:29.507567,1,Aguardando Envio para o SIAFI,884,22018.0,4120.0,,
886,2020-06-26T10:32:29.507567,1,Aguardando Envio para o SIAFI,885,21176.0,4126.0,,
887,2020-06-26T10:32:29.507567,1,Aguardando Envio para o SIAFI,886,21746.0,4511.0,,
888,2020-06-26T10:32:29.507567,1,Aguardando Envio para o SIAFI,887,21791.0,3455.0,,
889,2020-06-26T10:32:29.507567,1,Aguardando Envio para o SIAFI,888,21795.0,3692.0,,
890,2020-06-26T10:32:29.507567,1,Aguardando Envio para o SIAFI,889,21716.0,4014.0,,
891,2020-06-26T10:32:29.507567,1,Aguardando Envio para o SIAFI,890,21780.0,4337.0,,
892,2020-06-26T10:32:29.507567,1,Aguardando Envio para o SIAFI,891,21117.0,4743.0,,
893,2020-06-26T10:32:29.507567,1,Aguardando Envio para o SIAFI,892,21743.0,4350.0,,
894,2020-06-26T10:32:29.507567,1,Aguardando Envio para o SIAFI,893,21729.0,4725.0,,
895,2020-06-26T10:32:29.507567,1,Aguardando Envio para o SIAFI,894,21792.0,4127.0,,
896,2020-06-26T10:32:29.507567,1,Aguardando Envio para o SIAFI,895,21721.0,4326.0,,
897,2020-06-26T10:32:29.507567,1,Aguardando Envio para o SIAFI,896,21744.0,4601.0,,
898,2020-06-26T10:32:29.507567,1,Aguardando Envio para o SIAFI,897,,,,
899,2020-06-26T10:32:29.507567,1,Aguardando Envio para o SIAFI,898,21592.0,4430.0,,
900,2020-06-26T10:32:29.507567,1,Aguardando Envio para o SIAFI,899,21725.0,4562.0,,
901,2020-06-26T10:32:29.507567,1,Aguardando Envio para o SIAFI,900,21766.0,3825.0,,
902,2020-06-26T10:32:29.507567,1,Aguardando Envio para o SIAFI,901,21666.0,3481.0,,
903,2020-06-26T10:32:29.507567,1,Aguardando Envio para o SIAFI,902,21726.0,4306.0,,
904,2020-06-26T10:32:29.507567,1,Aguardando Envio para o SIAFI,903,21594.0,4787.0,,
905,2020-06-26T10:32:29.507567,1,Aguardando Envio para o SIAFI,904,21109.0,3803.0,,
906,2020-06-26T10:32:29.507567,1,Aguardando Envio para o SIAFI,905,21496.0,3756.0,,
907,2020-06-26T10:32:29.507567,1,Aguardando Envio para o SIAFI,906,21495.0,5059.0,,
908,2020-06-26T10:32:29.507567,1,Aguardando Envio para o SIAFI,907,,,,
909,2020-06-26T10:32:29.507567,1,Aguardando Envio para o SIAFI,908,21491.0,3660.0,,
910,2020-06-26T10:32:29.507567,1,Aguardando Envio para o SIAFI,909,21546.0,4628.0,,
911,2020-06-26T10:32:29.507567,1,Aguardando Envio para o SIAFI,910,21553.0,4560.0,,
912,2020-06-26T10:32:29.507567,1,Aguardando Envio para o SIAFI,911,22132.0,,,
913,2020-06-26T10:32:29.507567,1,Aguardando Envio para o SIAFI,912,,,,
914,2020-06-26T10:32:29.507567,1,Aguardando Envio para o SIAFI,913,,,,
915,2020-06-26T10:32:29.507567,1,Aguardando Envio para o SIAFI,914,22131.0,,,
916,2020-06-26T10:32:29.507567,1,Aguardando Envio para o SIAFI,915,,,,
917,2020-06-26T10:32:29.507567,1,Aguardando Envio para o SIAFI,916,22061.0,4653.0,,
918,2020-06-26T10:32:29.507567,1,Aguardando Envio para o SIAFI,917,,,,
919,2020-06-26T10:32:29.507567,1,Aguardando Envio para o SIAFI,918,,,,
920,2020-06-26T10:32:29.507567,1,Aguardando Envio para o SIAFI,919,,,,
921,2020-06-26T10:32:29.507567,1,Aguardando Envio para o SIAFI,920,22045.0,5103.0,,
922,2020-06-26T10:32:29.507567,1,Aguardando Envio para o SIAFI,921,22082.0,4944.0,,
923,2020-06-26T10:32:29.507567,1,Aguardando Envio para o SIAFI,922,22086.0,,,
924,2020-06-26T10:32:29.507567,1,Aguardando Envio para o SIAFI,923,,,,
925,2020-06-26T10:32:29.507567,1,Aguardando Envio para o SIAFI,924,22090.0,,,
926,2020-06-26T10:32:29.507567,1,Aguardando Envio para o SIAFI,925,22122.0,,,
927,2020-06-26T10:32:29.507567,1,Aguardando Envio para o SIAFI,926,22046.0,4834.0,,
928,2020-06-26T10:32:29.507567,1,Aguardando Envio para o SIAFI,927,,,,
929,2020-06-26T10:32:29.507567,1,Aguardando Envio para o SIAFI,928,22087.0,,,
930,2020-06-26T10:32:29.507567,1,Aguardando Envio para o SIAFI,929,,,,
931,2020-06-26T10:32:29.507567,1,Aguardando Envio para o SIAFI,930,21167.0,4863.0,,
932,2020-06-26T10:32:29.507567,1,Aguardando Envio para o SIAFI,931,,,,
933,2020-06-26T10:32:29.507567,1,Aguardando Envio para o SIAFI,932,21105.0,4170.0,,
934,2020-06-26T10:32:29.507567,1,Aguardando Envio para o SIAFI,933,21104.0,4296.0,,
935,2020-06-26T10:32:29.507567,1,Aguardando Envio para o SIAFI,934,21100.0,5095.0,,
936,2020-06-26T10:32:29.507567,1,Aguardando Envio para o SIAFI,935,21103.0,4901.0,,
937,2020-06-26T10:32:29.507567,1,Aguardando Envio para o SIAFI,936,21085.0,5062.0,,
938,2020-06-26T10:32:29.507567,1,Aguardando Envio para o SIAFI,937,21819.0,4445.0,,
939,2020-06-26T10:32:29.507567,1,Aguardando Envio para o SIAFI,938,,,,
940,2020-06-26T10:32:29.507567,1,Aguardando Envio para o SIAFI,939,21793.0,4053.0,,
941,2020-06-26T10:32:29.507567,1,Aguardando Envio para o SIAFI,940,21695.0,3909.0,,
942,2020-06-26T10:32:29.507567,1,Aguardando Envio para o SIAFI,941,21584.0,3766.0,,
943,2020-06-26T10:32:29.507567,1,Aguardando Envio para o SIAFI,942,21711.0,3861.0,,
944,2020-06-26T10:32:29.507567,1,Aguardando Envio para o SIAFI,943,21129.0,4831.0,,
945,2020-06-26T10:32:29.507567,1,Aguardando Envio para o SIAFI,944,21682.0,4244.0,,
946,2020-06-26T10:32:29.507567,1,Aguardando Envio para o SIAFI,945,21676.0,4123.0,,
947,2020-06-26T10:32:29.507567,1,Aguardando Envio para o SIAFI,946,,,,
948,2020-06-26T10:32:29.507567,1,Aguardando Envio para o SIAFI,947,21647.0,4679.0,,
949,2020-06-26T10:32:29.507567,1,Aguardando Envio para o SIAFI,948,21829.0,3503.0,,
950,2020-06-26T10:32:29.507567,1,Aguardando Envio para o SIAFI,949,21698.0,3750.0,,
951,2020-06-26T10:32:29.507567,1,Aguardando Envio para o SIAFI,950,21811.0,3830.0,,
952,2020-06-26T10:32:29.507567,1,Aguardando Envio para o SIAFI,951,21090.0,3761.0,,
953,2020-06-26T10:32:29.507567,1,Aguardando Envio para o SIAFI,952,21798.0,4364.0,,
954,2020-06-26T10:32:29.507567,1,Aguardando Envio para o SIAFI,953,21702.0,4108.0,,
955,2020-06-26T10:32:29.507567,1,Aguardando Envio para o SIAFI,954,,,,
956,2020-06-26T10:32:29.507567,1,Aguardando Envio para o SIAFI,955,21498.0,5015.0,,
957,2020-06-26T10:32:29.507567,1,Aguardando Envio para o SIAFI,956,21499.0,4164.0,,
958,2020-06-26T10:32:29.507567,1,Aguardando Envio para o SIAFI,957,21541.0,4967.0,,
959,2020-06-26T10:32:29.507567,1,Aguardando Envio para o SIAFI,958,21542.0,3652.0,,
960,2020-06-26T10:32:29.507567,1,Aguardando Envio para o SIAFI,959,21507.0,4979.0,,
961,2020-06-26T10:32:29.507567,1,Aguardando Envio para o SIAFI,960,21508.0,3983.0,,
962,2020-06-26T10:32:29.507567,1,Aguardando Envio para o SIAFI,961,21523.0,4986.0,,
963,2020-06-26T10:32:29.507567,1,Aguardando Envio para o SIAFI,962,21524.0,4624.0,,
964,2020-06-26T10:32:29.507567,1,Aguardando Envio para o SIAFI,963,21537.0,5046.0,,
965,2020-06-26T10:32:29.507567,1,Aguardando Envio para o SIAFI,964,21538.0,4512.0,,
966,2020-06-26T10:32:29.507567,1,Aguardando Envio para o SIAFI,965,21539.0,5128.0,,
967,2020-06-26T10:32:29.507567,1,Aguardando Envio para o SIAFI,966,21540.0,4075.0,,
968,2020-06-26T10:32:29.507567,1,Aguardando Envio para o SIAFI,967,21549.0,5085.0,,
969,2020-06-26T10:32:29.507567,1,Aguardando Envio para o SIAFI,968,21550.0,4281.0,,
970,2020-06-26T10:32:29.507567,1,Aguardando Envio para o SIAFI,969,,,,
971,2020-06-26T10:32:29.507567,1,Aguardando Envio para o SIAFI,970,,,,
972,2020-06-26T10:32:29.507567,1,Aguardando Envio para o SIAFI,971,21561.0,4921.0,,
973,2020-06-26T10:32:29.507567,1,Aguardando Envio para o SIAFI,972,21562.0,4642.0,,
974,2020-06-26T10:32:29.507567,1,Aguardando Envio para o SIAFI,973,21519.0,4133.0,,
975,2020-06-26T10:32:29.507567,1,Aguardando Envio para o SIAFI,974,21518.0,5124.0,,
976,2020-06-26T10:32:29.507567,1,Aguardando Envio para o SIAFI,975,,,,
977,2020-06-26T10:32:29.507567,1,Aguardando Envio para o SIAFI,976,21504.0,4382.0,,
978,2020-06-26T10:32:29.507567,1,Aguardando Envio para o SIAFI,977,21521.0,5069.0,,
979,2020-06-26T10:32:29.507567,1,Aguardando Envio para o SIAFI,978,21522.0,4575.0,,
980,2020-06-26T10:32:29.507567,1,Aguardando Envio para o SIAFI,979,21554.0,5094.0,,
981,2020-06-26T10:32:29.507567,1,Aguardando Envio para o SIAFI,980,21555.0,4099.0,,
982,2020-06-26T10:32:29.507567,1,Aguardando Envio para o SIAFI,981,21512.0,3998.0,,
983,2020-06-26T10:32:29.507567,1,Aguardando Envio para o SIAFI,982,21511.0,5074.0,,
984,2020-06-26T10:32:29.507567,1,Aguardando Envio para o SIAFI,983,21509.0,5038.0,,
985,2020-06-26T10:32:29.507567,1,Aguardando Envio para o SIAFI,984,21510.0,3806.0,,
986,2020-06-26T10:32:29.507567,1,Aguardando Envio para o SIAFI,985,21571.0,5125.0,,
987,2020-06-26T10:32:29.507567,1,Aguardando Envio para o SIAFI,986,21572.0,4297.0,,
988,2020-06-26T10:32:29.507567,1,Aguardando Envio para o SIAFI,987,21573.0,4969.0,,
989,2020-06-26T10:32:29.507567,1,Aguardando Envio para o SIAFI,988,21574.0,3824.0,,
990,2020-06-26T10:32:29.507567,1,Aguardando Envio para o SIAFI,989,21527.0,5140.0,,
991,2020-06-26T10:32:29.507567,1,Aguardando Envio para o SIAFI,990,21528.0,4586.0,,
992,2020-06-26T10:32:29.507567,1,Aguardando Envio para o SIAFI,991,21569.0,5129.0,,
993,2020-06-26T10:32:29.507567,1,Aguardando Envio para o SIAFI,992,21570.0,3675.0,,
994,2020-06-26T10:32:29.507567,1,Aguardando Envio para o SIAFI,993,21534.0,5147.0,,
995,2020-06-26T10:32:29.507567,1,Aguardando Envio para o SIAFI,994,21535.0,4369.0,,
996,2020-06-26T10:32:29.507567,1,Aguardando Envio para o SIAFI,995,21513.0,4960.0,,
997,2020-06-26T10:32:29.507567,1,Aguardando Envio para o SIAFI,996,21514.0,3680.0,,
998,2020-06-26T10:32:29.507567,1,Aguardando Envio para o SIAFI,997,21516.0,4903.0,,
999,2020-06-26T10:32:29.507567,1,Aguardando Envio para o SIAFI,998,21517.0,3513.0,,
1000,2020-06-26T10:32:29.507567,1,Aguardando Envio para o SIAFI,999,,,,
